"zybook_identifier","chapter_number","chapter_title","section_number","section_title","classification","target_week_topic","reason","prerequisite_dependency"
"SWOSUCOMSC1033Fall2026","1","1. Introduction to Python","1.1","1.1 Programming (general)","KEEP","Week 1: foundations","Required conceptual path aligned to the existing Coding Odyssey sequence.","None"
"SWOSUCOMSC1033Fall2026","1","1. Introduction to Python","1.2","1.2 Programming using Python","KEEP","Week 1: foundations","Required conceptual path aligned to the existing Coding Odyssey sequence.","None"
"SWOSUCOMSC1033Fall2026","1","1. Introduction to Python","1.3","1.3 Basic input and output","KEEP","Week 1: foundations","Required conceptual path aligned to the existing Coding Odyssey sequence.","None"
"SWOSUCOMSC1033Fall2026","1","1. Introduction to Python","1.4","1.4 Errors","KEEP","Week 1: foundations","Required conceptual path aligned to the existing Coding Odyssey sequence.","None"
"SWOSUCOMSC1033Fall2026","1","1. Introduction to Python","1.5","1.5 Integrated development environment","KEEP","Week 1: foundations","Required conceptual path aligned to the existing Coding Odyssey sequence.","None"
"SWOSUCOMSC1033Fall2026","1","1. Introduction to Python","1.6","1.6 Computers and programs (general)","KEEP","Week 1: foundations","Required conceptual path aligned to the existing Coding Odyssey sequence.","None"
"SWOSUCOMSC1033Fall2026","1","1. Introduction to Python","1.7","1.7 Computer tour","KEEP","Week 1: foundations","Required conceptual path aligned to the existing Coding Odyssey sequence.","None"
"SWOSUCOMSC1033Fall2026","1","1. Introduction to Python","1.8","1.8 Language history","KEEP","Week 1: foundations","Required conceptual path aligned to the existing Coding Odyssey sequence.","None"
"SWOSUCOMSC1033Fall2026","1","1. Introduction to Python","1.9","1.9 Why whitespace and precision matter","KEEP","Week 1: foundations","Required conceptual path aligned to the existing Coding Odyssey sequence.","None"
"SWOSUCOMSC1033Fall2026","1","1. Introduction to Python","1.10","1.10 Python example: Salary calculation","KEEP","Week 1: foundations","Required conceptual path aligned to the existing Coding Odyssey sequence.","None"
"SWOSUCOMSC1033Fall2026","1","1. Introduction to Python","1.11","1.11 Additional practice: Output art","OPTIONAL","Week 1: foundations","Useful practice or extension; preserve choice and protect the required-path workload.","None"
"SWOSUCOMSC1033Fall2026","1","1. Introduction to Python","1.12","1.12 zyLab training: Basics","KEEP","Week 1: foundations","Required conceptual path aligned to the existing Coding Odyssey sequence.","None"
"SWOSUCOMSC1033Fall2026","1","1. Introduction to Python","1.13","1.13 zyLab training: Interactive console","KEEP","Week 1: foundations","Required conceptual path aligned to the existing Coding Odyssey sequence.","None"
"SWOSUCOMSC1033Fall2026","1","1. Introduction to Python","1.14","1.14 zyLab training*: One large program","KEEP","Week 1: foundations","Required conceptual path aligned to the existing Coding Odyssey sequence.","None"
"SWOSUCOMSC1033Fall2026","1","1. Introduction to Python","1.15","1.15 LAB: Formatted output: Hello World!","OPTIONAL","Week 1: foundations","Useful practice or extension; preserve choice and protect the required-path workload.","None"
"SWOSUCOMSC1033Fall2026","1","1. Introduction to Python","1.16","1.16 LAB: Formatted output: No parking sign","OPTIONAL","Week 1: foundations","Useful practice or extension; preserve choice and protect the required-path workload.","None"
"SWOSUCOMSC1033Fall2026","1","1. Introduction to Python","1.17","1.17 LAB: Input: Welcome message","OPTIONAL","Week 1: foundations","Useful practice or extension; preserve choice and protect the required-path workload.","None"
"SWOSUCOMSC1033Fall2026","1","1. Introduction to Python","1.18","1.18 LAB: Input: Mad Lib","OPTIONAL","Week 1: foundations","Useful practice or extension; preserve choice and protect the required-path workload.","None"
"SWOSUCOMSC1033Fall2026","1","1. Introduction to Python","1.19","1.19 zyLab training: Output format errors in Pluto.py","KEEP","Week 1: foundations","Required conceptual path aligned to the existing Coding Odyssey sequence.","None"
"SWOSUCOMSC1033Fall2026","1","1. Introduction to Python","1.20","1.20 zyLab training: Logic errors in Kite.py","KEEP","Week 1: foundations","Required conceptual path aligned to the existing Coding Odyssey sequence.","None"
"SWOSUCOMSC1033Fall2026","1","1. Introduction to Python","1.21","1.21 zyLab training: Syntax errors in Baseball.py","KEEP","Week 1: foundations","Required conceptual path aligned to the existing Coding Odyssey sequence.","None"
"SWOSUCOMSC1033Fall2026","2","2. Variables and Expressions","2.1","2.1 Variables and assignments","KEEP","Week 2: variables and expressions","Required conceptual path aligned to the existing Coding Odyssey sequence.","Prior required chapter concepts"
"SWOSUCOMSC1033Fall2026","2","2. Variables and Expressions","2.2","2.2 Identifiers","KEEP","Week 2: variables and expressions","Required conceptual path aligned to the existing Coding Odyssey sequence.","Prior required chapter concepts"
"SWOSUCOMSC1033Fall2026","2","2. Variables and Expressions","2.3","2.3 Objects","KEEP","Week 2: variables and expressions","Required conceptual path aligned to the existing Coding Odyssey sequence.","Prior required chapter concepts"
"SWOSUCOMSC1033Fall2026","2","2. Variables and Expressions","2.4","2.4 Numeric types: Floating-point","KEEP","Week 2: variables and expressions","Required conceptual path aligned to the existing Coding Odyssey sequence.","Prior required chapter concepts"
"SWOSUCOMSC1033Fall2026","2","2. Variables and Expressions","2.5","2.5 Arithmetic expressions","KEEP","Week 2: variables and expressions","Required conceptual path aligned to the existing Coding Odyssey sequence.","Prior required chapter concepts"
"SWOSUCOMSC1033Fall2026","2","2. Variables and Expressions","2.6","2.6 Python expressions","KEEP","Week 2: variables and expressions","Required conceptual path aligned to the existing Coding Odyssey sequence.","Prior required chapter concepts"
"SWOSUCOMSC1033Fall2026","2","2. Variables and Expressions","2.7","2.7 Division and modulo","KEEP","Week 2: variables and expressions","Required conceptual path aligned to the existing Coding Odyssey sequence.","Prior required chapter concepts"
"SWOSUCOMSC1033Fall2026","2","2. Variables and Expressions","2.8","2.8 Module basics","KEEP","Week 2: variables and expressions","Required conceptual path aligned to the existing Coding Odyssey sequence.","Prior required chapter concepts"
"SWOSUCOMSC1033Fall2026","2","2. Variables and Expressions","2.9","2.9 Math module","KEEP","Week 2: variables and expressions","Required conceptual path aligned to the existing Coding Odyssey sequence.","Prior required chapter concepts"
"SWOSUCOMSC1033Fall2026","2","2. Variables and Expressions","2.10","2.10 Random numbers","KEEP","Week 2: variables and expressions","Required conceptual path aligned to the existing Coding Odyssey sequence.","Prior required chapter concepts"
"SWOSUCOMSC1033Fall2026","2","2. Variables and Expressions","2.11","2.11 Representing text","KEEP","Week 2: variables and expressions","Required conceptual path aligned to the existing Coding Odyssey sequence.","Prior required chapter concepts"
"SWOSUCOMSC1033Fall2026","2","2. Variables and Expressions","2.12","2.12 Style guidelines","KEEP","Week 2: variables and expressions","Required conceptual path aligned to the existing Coding Odyssey sequence.","Prior required chapter concepts"
"SWOSUCOMSC1033Fall2026","2","2. Variables and Expressions","2.13","2.13 Additional practice: Number games","OPTIONAL","Week 2: variables and expressions","Useful practice or extension; preserve choice and protect the required-path workload.","Prior required chapter concepts"
"SWOSUCOMSC1033Fall2026","2","2. Variables and Expressions","2.14","2.14 LAB: Divide input integers","OPTIONAL","Week 2: variables and expressions","Useful practice or extension; preserve choice and protect the required-path workload.","Prior required chapter concepts"
"SWOSUCOMSC1033Fall2026","2","2. Variables and Expressions","2.15","2.15 LAB: Driving costs","OPTIONAL","Week 2: variables and expressions","Useful practice or extension; preserve choice and protect the required-path workload.","Prior required chapter concepts"
"SWOSUCOMSC1033Fall2026","2","2. Variables and Expressions","2.16","2.16 LAB: Expression for calories burned during workout","OPTIONAL","Week 2: variables and expressions","Useful practice or extension; preserve choice and protect the required-path workload.","Prior required chapter concepts"
"SWOSUCOMSC1033Fall2026","2","2. Variables and Expressions","2.17","2.17 LAB: Using math functions","OPTIONAL","Week 2: variables and expressions","Useful practice or extension; preserve choice and protect the required-path workload.","Prior required chapter concepts"
"SWOSUCOMSC1033Fall2026","2","2. Variables and Expressions","2.18","2.18 LAB: Musical note frequencies","OPTIONAL","Week 2: variables and expressions","Useful practice or extension; preserve choice and protect the required-path workload.","Prior required chapter concepts"
"SWOSUCOMSC1033Fall2026","2","2. Variables and Expressions","2.19","2.19 LAB: Convert to dollars","OPTIONAL","Week 2: variables and expressions","Useful practice or extension; preserve choice and protect the required-path workload.","Prior required chapter concepts"
"SWOSUCOMSC1033Fall2026","3","3. Types","3.1","3.1 String basics","KEEP","Week 3: types and conversion","Required conceptual path aligned to the existing Coding Odyssey sequence.","Prior required chapter concepts"
"SWOSUCOMSC1033Fall2026","3","3. Types","3.2","3.2 List basics","KEEP","Week 3: types and conversion","Required conceptual path aligned to the existing Coding Odyssey sequence.","Prior required chapter concepts"
"SWOSUCOMSC1033Fall2026","3","3. Types","3.3","3.3 Tuple basics","KEEP","Week 3: types and conversion","Required conceptual path aligned to the existing Coding Odyssey sequence.","Prior required chapter concepts"
"SWOSUCOMSC1033Fall2026","3","3. Types","3.4","3.4 Set basics","KEEP","Week 3: types and conversion","Required conceptual path aligned to the existing Coding Odyssey sequence.","Prior required chapter concepts"
"SWOSUCOMSC1033Fall2026","3","3. Types","3.5","3.5 Dictionary basics","KEEP","Week 3: types and conversion","Required conceptual path aligned to the existing Coding Odyssey sequence.","Prior required chapter concepts"
"SWOSUCOMSC1033Fall2026","3","3. Types","3.6","3.6 Common data types summary","KEEP","Week 3: types and conversion","Required conceptual path aligned to the existing Coding Odyssey sequence.","Prior required chapter concepts"
"SWOSUCOMSC1033Fall2026","3","3. Types","3.7","3.7 Additional practice: Grade calculation","OPTIONAL","Week 3: types and conversion","Useful practice or extension; preserve choice and protect the required-path workload.","Prior required chapter concepts"
"SWOSUCOMSC1033Fall2026","3","3. Types","3.8","3.8 Type conversions","KEEP","Week 3: types and conversion","Required conceptual path aligned to the existing Coding Odyssey sequence.","Prior required chapter concepts"
"SWOSUCOMSC1033Fall2026","3","3. Types","3.9","3.9 Binary numbers","KEEP","Week 3: types and conversion","Required conceptual path aligned to the existing Coding Odyssey sequence.","Prior required chapter concepts"
"SWOSUCOMSC1033Fall2026","3","3. Types","3.10","3.10 String formatting","KEEP","Week 3: types and conversion","Required conceptual path aligned to the existing Coding Odyssey sequence.","Prior required chapter concepts"
"SWOSUCOMSC1033Fall2026","3","3. Types","3.11","3.11 Additional practice: Health data","OPTIONAL","Week 3: types and conversion","Useful practice or extension; preserve choice and protect the required-path workload.","Prior required chapter concepts"
"SWOSUCOMSC1033Fall2026","3","3. Types","3.12","3.12 LAB: List basics","OPTIONAL","Week 3: types and conversion","Useful practice or extension; preserve choice and protect the required-path workload.","Prior required chapter concepts"
"SWOSUCOMSC1033Fall2026","3","3. Types","3.13","3.13 LAB: Set basics","OPTIONAL","Week 3: types and conversion","Useful practice or extension; preserve choice and protect the required-path workload.","Prior required chapter concepts"
"SWOSUCOMSC1033Fall2026","3","3. Types","3.14","3.14 LAB: Input and formatted output: Right-facing arrow","OPTIONAL","Week 3: types and conversion","Useful practice or extension; preserve choice and protect the required-path workload.","Prior required chapter concepts"
"SWOSUCOMSC1033Fall2026","3","3. Types","3.15","3.15 LAB: Phone number breakdown","OPTIONAL","Week 3: types and conversion","Useful practice or extension; preserve choice and protect the required-path workload.","Prior required chapter concepts"
"SWOSUCOMSC1033Fall2026","3","3. Types","3.16","3.16 LAB: Simple statistics","OPTIONAL","Week 3: types and conversion","Useful practice or extension; preserve choice and protect the required-path workload.","Prior required chapter concepts"
"SWOSUCOMSC1033Fall2026","4","4. Branching","4.1","4.1 If-else branches (general)","KEEP","Week 4: branching","Required conceptual path aligned to the existing Coding Odyssey sequence.","Prior required chapter concepts"
"SWOSUCOMSC1033Fall2026","4","4. Branching","4.2","4.2 Detecting equal values with branches","KEEP","Week 4: branching","Required conceptual path aligned to the existing Coding Odyssey sequence.","Prior required chapter concepts"
"SWOSUCOMSC1033Fall2026","4","4. Branching","4.3","4.3 Detecting ranges with branches (general)","KEEP","Week 4: branching","Required conceptual path aligned to the existing Coding Odyssey sequence.","Prior required chapter concepts"
"SWOSUCOMSC1033Fall2026","4","4. Branching","4.4","4.4 Detecting ranges with branches","KEEP","Week 4: branching","Required conceptual path aligned to the existing Coding Odyssey sequence.","Prior required chapter concepts"
"SWOSUCOMSC1033Fall2026","4","4. Branching","4.5","4.5 Detecting ranges using logical operators","KEEP","Week 4: branching","Required conceptual path aligned to the existing Coding Odyssey sequence.","Prior required chapter concepts"
"SWOSUCOMSC1033Fall2026","4","4. Branching","4.6","4.6 Detecting ranges with gaps","KEEP","Week 4: branching","Required conceptual path aligned to the existing Coding Odyssey sequence.","Prior required chapter concepts"
"SWOSUCOMSC1033Fall2026","4","4. Branching","4.7","4.7 Detecting multiple features with branches","KEEP","Week 4: branching","Required conceptual path aligned to the existing Coding Odyssey sequence.","Prior required chapter concepts"
"SWOSUCOMSC1033Fall2026","4","4. Branching","4.8","4.8 Comparing data types and common errors","KEEP","Week 4: branching","Required conceptual path aligned to the existing Coding Odyssey sequence.","Prior required chapter concepts"
"SWOSUCOMSC1033Fall2026","4","4. Branching","4.9","4.9 Membership and identity operators","KEEP","Week 4: branching","Required conceptual path aligned to the existing Coding Odyssey sequence.","Prior required chapter concepts"
"SWOSUCOMSC1033Fall2026","4","4. Branching","4.10","4.10 Order of evaluation","KEEP","Week 4: branching","Required conceptual path aligned to the existing Coding Odyssey sequence.","Prior required chapter concepts"
"SWOSUCOMSC1033Fall2026","4","4. Branching","4.11","4.11 Code blocks and indentation","KEEP","Week 4: branching","Required conceptual path aligned to the existing Coding Odyssey sequence.","Prior required chapter concepts"
"SWOSUCOMSC1033Fall2026","4","4. Branching","4.12","4.12 Conditional expressions","KEEP","Week 4: branching","Required conceptual path aligned to the existing Coding Odyssey sequence.","Prior required chapter concepts"
"SWOSUCOMSC1033Fall2026","4","4. Branching","4.13","4.13 Additional practice: Abbreviation decoder","OPTIONAL","Week 4: branching","Useful practice or extension; preserve choice and protect the required-path workload.","Prior required chapter concepts"
"SWOSUCOMSC1033Fall2026","4","4. Branching","4.14","4.14 LAB: Smallest number","OPTIONAL","Week 4: branching","Useful practice or extension; preserve choice and protect the required-path workload.","Prior required chapter concepts"
"SWOSUCOMSC1033Fall2026","4","4. Branching","4.15","4.15 LAB: Interstate highway numbers","OPTIONAL","Week 4: branching","Useful practice or extension; preserve choice and protect the required-path workload.","Prior required chapter concepts"
"SWOSUCOMSC1033Fall2026","4","4. Branching","4.16","4.16 LAB: Seasons","OPTIONAL","Week 4: branching","Useful practice or extension; preserve choice and protect the required-path workload.","Prior required chapter concepts"
"SWOSUCOMSC1033Fall2026","4","4. Branching","4.17","4.17 LAB: Exact change","OPTIONAL","Week 4: branching","Useful practice or extension; preserve choice and protect the required-path workload.","Prior required chapter concepts"
"SWOSUCOMSC1033Fall2026","4","4. Branching","4.18","4.18 LAB: Leap year","OPTIONAL","Week 4: branching","Useful practice or extension; preserve choice and protect the required-path workload.","Prior required chapter concepts"
"SWOSUCOMSC1033Fall2026","4","4. Branching","4.19","4.19 LAB: Golf scores","OPTIONAL","Week 4: branching","Useful practice or extension; preserve choice and protect the required-path workload.","Prior required chapter concepts"
"SWOSUCOMSC1033Fall2026","5","5. Loops","5.1","5.1 Loops (general)","KEEP","Weeks 5-6: loops","Required conceptual path aligned to the existing Coding Odyssey sequence.","Prior required chapter concepts"
"SWOSUCOMSC1033Fall2026","5","5. Loops","5.2","5.2 While loops","KEEP","Weeks 5-6: loops","Required conceptual path aligned to the existing Coding Odyssey sequence.","Prior required chapter concepts"
"SWOSUCOMSC1033Fall2026","5","5. Loops","5.3","5.3 More while loop examples","KEEP","Weeks 5-6: loops","Required conceptual path aligned to the existing Coding Odyssey sequence.","Prior required chapter concepts"
"SWOSUCOMSC1033Fall2026","5","5. Loops","5.4","5.4 Counting","KEEP","Weeks 5-6: loops","Required conceptual path aligned to the existing Coding Odyssey sequence.","Prior required chapter concepts"
"SWOSUCOMSC1033Fall2026","5","5. Loops","5.5","5.5 For loops","KEEP","Weeks 5-6: loops","Required conceptual path aligned to the existing Coding Odyssey sequence.","Prior required chapter concepts"
"SWOSUCOMSC1033Fall2026","5","5. Loops","5.6","5.6 Counting using the range() function","KEEP","Weeks 5-6: loops","Required conceptual path aligned to the existing Coding Odyssey sequence.","Prior required chapter concepts"
"SWOSUCOMSC1033Fall2026","5","5. Loops","5.7","5.7 While vs. for loops","KEEP","Weeks 5-6: loops","Required conceptual path aligned to the existing Coding Odyssey sequence.","Prior required chapter concepts"
"SWOSUCOMSC1033Fall2026","5","5. Loops","5.8","5.8 Nested loops","KEEP","Weeks 5-6: loops","Required conceptual path aligned to the existing Coding Odyssey sequence.","Prior required chapter concepts"
"SWOSUCOMSC1033Fall2026","5","5. Loops","5.9","5.9 Developing programs incrementally","KEEP","Weeks 5-6: loops","Required conceptual path aligned to the existing Coding Odyssey sequence.","Prior required chapter concepts"
"SWOSUCOMSC1033Fall2026","5","5. Loops","5.10","5.10 Break and continue","KEEP","Weeks 5-6: loops","Required conceptual path aligned to the existing Coding Odyssey sequence.","Prior required chapter concepts"
"SWOSUCOMSC1033Fall2026","5","5. Loops","5.11","5.11 Loop else","KEEP","Weeks 5-6: loops","Required conceptual path aligned to the existing Coding Odyssey sequence.","Prior required chapter concepts"
"SWOSUCOMSC1033Fall2026","5","5. Loops","5.12","5.12 Getting both index and value when looping: enumerate()","KEEP","Weeks 5-6: loops","Required conceptual path aligned to the existing Coding Odyssey sequence.","Prior required chapter concepts"
"SWOSUCOMSC1033Fall2026","5","5. Loops","5.13","5.13 Additional practice: Dice statistics","OPTIONAL","Weeks 5-6: loops","Useful practice or extension; preserve choice and protect the required-path workload.","Prior required chapter concepts"
"SWOSUCOMSC1033Fall2026","5","5. Loops","5.14","5.14 LAB: Convert to reverse binary","OPTIONAL","Weeks 5-6: loops","Useful practice or extension; preserve choice and protect the required-path workload.","Prior required chapter concepts"
"SWOSUCOMSC1033Fall2026","5","5. Loops","5.15","5.15 LAB: Password modifier","OPTIONAL","Weeks 5-6: loops","Useful practice or extension; preserve choice and protect the required-path workload.","Prior required chapter concepts"
"SWOSUCOMSC1033Fall2026","5","5. Loops","5.16","5.16 LAB: Output range with increment of 5","OPTIONAL","Weeks 5-6: loops","Useful practice or extension; preserve choice and protect the required-path workload.","Prior required chapter concepts"
"SWOSUCOMSC1033Fall2026","5","5. Loops","5.17","5.17 LAB: Print string in reverse","OPTIONAL","Weeks 5-6: loops","Useful practice or extension; preserve choice and protect the required-path workload.","Prior required chapter concepts"
"SWOSUCOMSC1033Fall2026","5","5. Loops","5.18","5.18 LAB: Brute force equation solver","OPTIONAL","Weeks 5-6: loops","Useful practice or extension; preserve choice and protect the required-path workload.","Prior required chapter concepts"
"SWOSUCOMSC1033Fall2026","5","5. Loops","5.19","5.19 LAB: Adjust values in a list by normalizing","OPTIONAL","Weeks 5-6: loops","Useful practice or extension; preserve choice and protect the required-path workload.","Prior required chapter concepts"
"SWOSUCOMSC1033Fall2026","6","6. Functions","6.1","6.1 User-defined function basics","KEEP","Week 7: functions","Required conceptual path aligned to the existing Coding Odyssey sequence.","Prior required chapter concepts"
"SWOSUCOMSC1033Fall2026","6","6. Functions","6.2","6.2 Print functions","KEEP","Week 7: functions","Required conceptual path aligned to the existing Coding Odyssey sequence.","Prior required chapter concepts"
"SWOSUCOMSC1033Fall2026","6","6. Functions","6.3","6.3 Dynamic typing","KEEP","Week 7: functions","Required conceptual path aligned to the existing Coding Odyssey sequence.","Prior required chapter concepts"
"SWOSUCOMSC1033Fall2026","6","6. Functions","6.4","6.4 Reasons for defining functions","KEEP","Week 7: functions","Required conceptual path aligned to the existing Coding Odyssey sequence.","Prior required chapter concepts"
"SWOSUCOMSC1033Fall2026","6","6. Functions","6.5","6.5 Writing mathematical functions","KEEP","Week 7: functions","Required conceptual path aligned to the existing Coding Odyssey sequence.","Prior required chapter concepts"
"SWOSUCOMSC1033Fall2026","6","6. Functions","6.6","6.6 Function stubs","KEEP","Week 7: functions","Required conceptual path aligned to the existing Coding Odyssey sequence.","Prior required chapter concepts"
"SWOSUCOMSC1033Fall2026","6","6. Functions","6.7","6.7 Functions with branches/loops","KEEP","Week 7: functions","Required conceptual path aligned to the existing Coding Odyssey sequence.","Prior required chapter concepts"
"SWOSUCOMSC1033Fall2026","6","6. Functions","6.8","6.8 Functions are objects","KEEP","Week 7: functions","Required conceptual path aligned to the existing Coding Odyssey sequence.","Prior required chapter concepts"
"SWOSUCOMSC1033Fall2026","6","6. Functions","6.9","6.9 Functions: Common errors","KEEP","Week 7: functions","Required conceptual path aligned to the existing Coding Odyssey sequence.","Prior required chapter concepts"
"SWOSUCOMSC1033Fall2026","6","6. Functions","6.10","6.10 Scope of variables and functions","KEEP","Week 7: functions","Required conceptual path aligned to the existing Coding Odyssey sequence.","Prior required chapter concepts"
"SWOSUCOMSC1033Fall2026","6","6. Functions","6.11","6.11 Namespaces and scope resolution","KEEP","Week 7: functions","Required conceptual path aligned to the existing Coding Odyssey sequence.","Prior required chapter concepts"
"SWOSUCOMSC1033Fall2026","6","6. Functions","6.12","6.12 Function arguments","KEEP","Week 7: functions","Required conceptual path aligned to the existing Coding Odyssey sequence.","Prior required chapter concepts"
"SWOSUCOMSC1033Fall2026","6","6. Functions","6.13","6.13 Keyword arguments and default parameter values","KEEP","Week 7: functions","Required conceptual path aligned to the existing Coding Odyssey sequence.","Prior required chapter concepts"
"SWOSUCOMSC1033Fall2026","6","6. Functions","6.14","6.14 Arbitrary argument lists","KEEP","Week 7: functions","Required conceptual path aligned to the existing Coding Odyssey sequence.","Prior required chapter concepts"
"SWOSUCOMSC1033Fall2026","6","6. Functions","6.15","6.15 Multiple function outputs","KEEP","Week 7: functions","Required conceptual path aligned to the existing Coding Odyssey sequence.","Prior required chapter concepts"
"SWOSUCOMSC1033Fall2026","6","6. Functions","6.16","6.16 Help! Using docstrings to document functions","KEEP","Week 7: functions","Required conceptual path aligned to the existing Coding Odyssey sequence.","Prior required chapter concepts"
"SWOSUCOMSC1033Fall2026","6","6. Functions","6.17","6.17 Engineering examples","KEEP","Week 7: functions","Required conceptual path aligned to the existing Coding Odyssey sequence.","Prior required chapter concepts"
"SWOSUCOMSC1033Fall2026","6","6. Functions","6.18","6.18 zyLab training: Unit tests to evaluate your program","KEEP","Week 7: functions","Required conceptual path aligned to the existing Coding Odyssey sequence.","Prior required chapter concepts"
"SWOSUCOMSC1033Fall2026","6","6. Functions","6.19","6.19 LAB: Driving costs - functions","OPTIONAL","Week 7: functions","Useful practice or extension; preserve choice and protect the required-path workload.","Prior required chapter concepts"
"SWOSUCOMSC1033Fall2026","6","6. Functions","6.20","6.20 LAB: Step counter","OPTIONAL","Week 7: functions","Useful practice or extension; preserve choice and protect the required-path workload.","Prior required chapter concepts"
"SWOSUCOMSC1033Fall2026","6","6. Functions","6.21","6.21 LAB: Convert to binary - functions","OPTIONAL","Week 7: functions","Useful practice or extension; preserve choice and protect the required-path workload.","Prior required chapter concepts"
"SWOSUCOMSC1033Fall2026","6","6. Functions","6.22","6.22 LAB: Swapping variables","OPTIONAL","Week 7: functions","Useful practice or extension; preserve choice and protect the required-path workload.","Prior required chapter concepts"
"SWOSUCOMSC1033Fall2026","6","6. Functions","6.23","6.23 LAB: Fibonacci sequence","OPTIONAL","Week 7: functions","Useful practice or extension; preserve choice and protect the required-path workload.","Prior required chapter concepts"
"SWOSUCOMSC1033Fall2026","7","7. Strings","7.1","7.1 String slicing","KEEP","Week 8: strings","Required conceptual path aligned to the existing Coding Odyssey sequence.","Prior required chapter concepts"
"SWOSUCOMSC1033Fall2026","7","7. Strings","7.2","7.2 Advanced string formatting","KEEP","Week 8: strings","Required conceptual path aligned to the existing Coding Odyssey sequence.","Prior required chapter concepts"
"SWOSUCOMSC1033Fall2026","7","7. Strings","7.3","7.3 String methods","KEEP","Week 8: strings","Required conceptual path aligned to the existing Coding Odyssey sequence.","Prior required chapter concepts"
"SWOSUCOMSC1033Fall2026","7","7. Strings","7.4","7.4 Splitting and joining strings","KEEP","Week 8: strings","Required conceptual path aligned to the existing Coding Odyssey sequence.","Prior required chapter concepts"
"SWOSUCOMSC1033Fall2026","7","7. Strings","7.5","7.5 LAB: Checker for integer string","OPTIONAL","Week 8: strings","Useful practice or extension; preserve choice and protect the required-path workload.","Prior required chapter concepts"
"SWOSUCOMSC1033Fall2026","7","7. Strings","7.6","7.6 LAB: Name format","OPTIONAL","Week 8: strings","Useful practice or extension; preserve choice and protect the required-path workload.","Prior required chapter concepts"
"SWOSUCOMSC1033Fall2026","7","7. Strings","7.7","7.7 LAB: Count characters","OPTIONAL","Week 8: strings","Useful practice or extension; preserve choice and protect the required-path workload.","Prior required chapter concepts"
"SWOSUCOMSC1033Fall2026","7","7. Strings","7.8","7.8 LAB: Mad Lib - loops","OPTIONAL","Week 8: strings","Useful practice or extension; preserve choice and protect the required-path workload.","Prior required chapter concepts"
"SWOSUCOMSC1033Fall2026","7","7. Strings","7.9","7.9 LAB: Palindrome","OPTIONAL","Week 8: strings","Useful practice or extension; preserve choice and protect the required-path workload.","Prior required chapter concepts"
"SWOSUCOMSC1033Fall2026","7","7. Strings","7.10","7.10 LAB: Remove all non-alpha characters","OPTIONAL","Week 8: strings","Useful practice or extension; preserve choice and protect the required-path workload.","Prior required chapter concepts"
"SWOSUCOMSC1033Fall2026","8","8. Lists and Dictionaries","8.1","8.1 Lists","KEEP","Weeks 9-11: collections and reliability","Required conceptual path aligned to the existing Coding Odyssey sequence.","Prior required chapter concepts"
"SWOSUCOMSC1033Fall2026","8","8. Lists and Dictionaries","8.2","8.2 List methods","KEEP","Weeks 9-11: collections and reliability","Required conceptual path aligned to the existing Coding Odyssey sequence.","Prior required chapter concepts"
"SWOSUCOMSC1033Fall2026","8","8. Lists and Dictionaries","8.3","8.3 Iterating over a list","KEEP","Weeks 9-11: collections and reliability","Required conceptual path aligned to the existing Coding Odyssey sequence.","Prior required chapter concepts"
"SWOSUCOMSC1033Fall2026","8","8. Lists and Dictionaries","8.4","8.4 List games","KEEP","Weeks 9-11: collections and reliability","Required conceptual path aligned to the existing Coding Odyssey sequence.","Prior required chapter concepts"
"SWOSUCOMSC1033Fall2026","8","8. Lists and Dictionaries","8.5","8.5 List nesting","KEEP","Weeks 9-11: collections and reliability","Required conceptual path aligned to the existing Coding Odyssey sequence.","Prior required chapter concepts"
"SWOSUCOMSC1033Fall2026","8","8. Lists and Dictionaries","8.6","8.6 List slicing","KEEP","Weeks 9-11: collections and reliability","Required conceptual path aligned to the existing Coding Odyssey sequence.","Prior required chapter concepts"
"SWOSUCOMSC1033Fall2026","8","8. Lists and Dictionaries","8.7","8.7 Loops modifying lists","KEEP","Weeks 9-11: collections and reliability","Required conceptual path aligned to the existing Coding Odyssey sequence.","Prior required chapter concepts"
"SWOSUCOMSC1033Fall2026","8","8. Lists and Dictionaries","8.8","8.8 List comprehensions","KEEP","Weeks 9-11: collections and reliability","Required conceptual path aligned to the existing Coding Odyssey sequence.","Prior required chapter concepts"
"SWOSUCOMSC1033Fall2026","8","8. Lists and Dictionaries","8.9","8.9 Sorting lists","KEEP","Weeks 9-11: collections and reliability","Required conceptual path aligned to the existing Coding Odyssey sequence.","Prior required chapter concepts"
"SWOSUCOMSC1033Fall2026","8","8. Lists and Dictionaries","8.10","8.10 Command-line arguments","KEEP","Weeks 9-11: collections and reliability","Required conceptual path aligned to the existing Coding Odyssey sequence.","Prior required chapter concepts"
"SWOSUCOMSC1033Fall2026","8","8. Lists and Dictionaries","8.11","8.11 Additional practice: Engineering examples","OPTIONAL","Weeks 9-11: collections and reliability","Useful practice or extension; preserve choice and protect the required-path workload.","Prior required chapter concepts"
"SWOSUCOMSC1033Fall2026","8","8. Lists and Dictionaries","8.12","8.12 Dictionaries","KEEP","Weeks 9-11: collections and reliability","Required conceptual path aligned to the existing Coding Odyssey sequence.","Prior required chapter concepts"
"SWOSUCOMSC1033Fall2026","8","8. Lists and Dictionaries","8.13","8.13 Dictionary methods","KEEP","Weeks 9-11: collections and reliability","Required conceptual path aligned to the existing Coding Odyssey sequence.","Prior required chapter concepts"
"SWOSUCOMSC1033Fall2026","8","8. Lists and Dictionaries","8.14","8.14 Iterating over a dictionary","KEEP","Weeks 9-11: collections and reliability","Required conceptual path aligned to the existing Coding Odyssey sequence.","Prior required chapter concepts"
"SWOSUCOMSC1033Fall2026","8","8. Lists and Dictionaries","8.15","8.15 Dictionary nesting","KEEP","Weeks 9-11: collections and reliability","Required conceptual path aligned to the existing Coding Odyssey sequence.","Prior required chapter concepts"
"SWOSUCOMSC1033Fall2026","8","8. Lists and Dictionaries","8.16","8.16 LAB: Varied amount of input data","OPTIONAL","Weeks 9-11: collections and reliability","Useful practice or extension; preserve choice and protect the required-path workload.","Prior required chapter concepts"
"SWOSUCOMSC1033Fall2026","8","8. Lists and Dictionaries","8.17","8.17 LAB: Filter and sort a list","OPTIONAL","Weeks 9-11: collections and reliability","Useful practice or extension; preserve choice and protect the required-path workload.","Prior required chapter concepts"
"SWOSUCOMSC1033Fall2026","8","8. Lists and Dictionaries","8.18","8.18 LAB: Elements in a range","OPTIONAL","Weeks 9-11: collections and reliability","Useful practice or extension; preserve choice and protect the required-path workload.","Prior required chapter concepts"
"SWOSUCOMSC1033Fall2026","8","8. Lists and Dictionaries","8.19","8.19 LAB: Contact list","OPTIONAL","Weeks 9-11: collections and reliability","Useful practice or extension; preserve choice and protect the required-path workload.","Prior required chapter concepts"
"SWOSUCOMSC1033Fall2026","8","8. Lists and Dictionaries","8.20","8.20 LAB: Car wash","OPTIONAL","Weeks 9-11: collections and reliability","Useful practice or extension; preserve choice and protect the required-path workload.","Prior required chapter concepts"
"SWOSUCOMSC1033Fall2026","8","8. Lists and Dictionaries","8.21","8.21 LAB: Check if list is sorted","OPTIONAL","Weeks 9-11: collections and reliability","Useful practice or extension; preserve choice and protect the required-path workload.","Prior required chapter concepts"
"SWOSUCOMSC1033Fall2026","9","9. Classes","9.1","9.1 Classes: Introduction","KEEP","Weeks 12-13: classes and modules","Required conceptual path aligned to the existing Coding Odyssey sequence.","Prior required chapter concepts"
"SWOSUCOMSC1033Fall2026","9","9. Classes","9.2","9.2 Classes: Grouping data","KEEP","Weeks 12-13: classes and modules","Required conceptual path aligned to the existing Coding Odyssey sequence.","Prior required chapter concepts"
"SWOSUCOMSC1033Fall2026","9","9. Classes","9.3","9.3 Instance methods","KEEP","Weeks 12-13: classes and modules","Required conceptual path aligned to the existing Coding Odyssey sequence.","Prior required chapter concepts"
"SWOSUCOMSC1033Fall2026","9","9. Classes","9.4","9.4 Class and instance object types","KEEP","Weeks 12-13: classes and modules","Required conceptual path aligned to the existing Coding Odyssey sequence.","Prior required chapter concepts"
"SWOSUCOMSC1033Fall2026","9","9. Classes","9.5","9.5 Class example: Seat reservation system","KEEP","Weeks 12-13: classes and modules","Required conceptual path aligned to the existing Coding Odyssey sequence.","Prior required chapter concepts"
"SWOSUCOMSC1033Fall2026","9","9. Classes","9.6","9.6 Class constructors","KEEP","Weeks 12-13: classes and modules","Required conceptual path aligned to the existing Coding Odyssey sequence.","Prior required chapter concepts"
"SWOSUCOMSC1033Fall2026","9","9. Classes","9.7","9.7 Class interfaces","KEEP","Weeks 12-13: classes and modules","Required conceptual path aligned to the existing Coding Odyssey sequence.","Prior required chapter concepts"
"SWOSUCOMSC1033Fall2026","9","9. Classes","9.8","9.8 Class customization","KEEP","Weeks 12-13: classes and modules","Required conceptual path aligned to the existing Coding Odyssey sequence.","Prior required chapter concepts"
"SWOSUCOMSC1033Fall2026","9","9. Classes","9.9","9.9 More operator overloading: Classes as numeric types","KEEP","Weeks 12-13: classes and modules","Required conceptual path aligned to the existing Coding Odyssey sequence.","Prior required chapter concepts"
"SWOSUCOMSC1033Fall2026","9","9. Classes","9.10","9.10 Memory allocation and garbage collection","KEEP","Weeks 12-13: classes and modules","Required conceptual path aligned to the existing Coding Odyssey sequence.","Prior required chapter concepts"
"SWOSUCOMSC1033Fall2026","9","9. Classes","9.11","9.11 LAB: Car value (classes)","OPTIONAL","Weeks 12-13: classes and modules","Useful practice or extension; preserve choice and protect the required-path workload.","Prior required chapter concepts"
"SWOSUCOMSC1033Fall2026","9","9. Classes","9.12","9.12 LAB: Nutritional information (classes/constructors)","OPTIONAL","Weeks 12-13: classes and modules","Useful practice or extension; preserve choice and protect the required-path workload.","Prior required chapter concepts"
"SWOSUCOMSC1033Fall2026","9","9. Classes","9.13","9.13 LAB: Artwork label (classes/constructors)","OPTIONAL","Weeks 12-13: classes and modules","Useful practice or extension; preserve choice and protect the required-path workload.","Prior required chapter concepts"
"SWOSUCOMSC1033Fall2026","9","9. Classes","9.14","9.14 LAB: Triangle area comparison (classes)","OPTIONAL","Weeks 12-13: classes and modules","Useful practice or extension; preserve choice and protect the required-path workload.","Prior required chapter concepts"
"SWOSUCOMSC1033Fall2026","9","9. Classes","9.15","9.15 LAB: Winning team (classes)","OPTIONAL","Weeks 12-13: classes and modules","Useful practice or extension; preserve choice and protect the required-path workload.","Prior required chapter concepts"
"SWOSUCOMSC1033Fall2026","9","9. Classes","9.16","9.16 LAB: Vending machine","OPTIONAL","Weeks 12-13: classes and modules","Useful practice or extension; preserve choice and protect the required-path workload.","Prior required chapter concepts"
"SWOSUCOMSC1033Fall2026","10","10. Exceptions","10.1","10.1 Handling exceptions using try and except","OPTIONAL","Weeks 10-11: reliability reference","Useful practice or extension; preserve choice and protect the required-path workload.","Only after corresponding required topic"
"SWOSUCOMSC1033Fall2026","10","10. Exceptions","10.2","10.2 Multiple exception handlers","OPTIONAL","Weeks 10-11: reliability reference","Useful practice or extension; preserve choice and protect the required-path workload.","Only after corresponding required topic"
"SWOSUCOMSC1033Fall2026","10","10. Exceptions","10.3","10.3 Raising exceptions","OPTIONAL","Weeks 10-11: reliability reference","Useful practice or extension; preserve choice and protect the required-path workload.","Only after corresponding required topic"
"SWOSUCOMSC1033Fall2026","10","10. Exceptions","10.4","10.4 Exceptions with functions","OPTIONAL","Weeks 10-11: reliability reference","Useful practice or extension; preserve choice and protect the required-path workload.","Only after corresponding required topic"
"SWOSUCOMSC1033Fall2026","10","10. Exceptions","10.5","10.5 Using finally to clean up","OPTIONAL","Weeks 10-11: reliability reference","Useful practice or extension; preserve choice and protect the required-path workload.","Only after corresponding required topic"
"SWOSUCOMSC1033Fall2026","10","10. Exceptions","10.6","10.6 Custom exception types","OPTIONAL","Weeks 10-11: reliability reference","Useful practice or extension; preserve choice and protect the required-path workload.","Only after corresponding required topic"
"SWOSUCOMSC1033Fall2026","10","10. Exceptions","10.7","10.7 LAB: Fat-burning heart rate","OPTIONAL","Weeks 10-11: reliability reference","Useful practice or extension; preserve choice and protect the required-path workload.","Only after corresponding required topic"
"SWOSUCOMSC1033Fall2026","10","10. Exceptions","10.8","10.8 LAB: Exception handling to detect input string vs. integer","OPTIONAL","Weeks 10-11: reliability reference","Useful practice or extension; preserve choice and protect the required-path workload.","Only after corresponding required topic"
"SWOSUCOMSC1033Fall2026","10","10. Exceptions","10.9","10.9 LAB: Exceptions with lists","OPTIONAL","Weeks 10-11: reliability reference","Useful practice or extension; preserve choice and protect the required-path workload.","Only after corresponding required topic"
"SWOSUCOMSC1033Fall2026","10","10. Exceptions","10.10","10.10 LAB: Simple integer division - multiple exception handlers","OPTIONAL","Weeks 10-11: reliability reference","Useful practice or extension; preserve choice and protect the required-path workload.","Only after corresponding required topic"
"SWOSUCOMSC1033Fall2026","10","10. Exceptions","10.11","10.11 LAB: Step counter - exceptions","OPTIONAL","Weeks 10-11: reliability reference","Useful practice or extension; preserve choice and protect the required-path workload.","Only after corresponding required topic"
"SWOSUCOMSC1033Fall2026","10","10. Exceptions","10.12","10.12 LAB: Student info not found - custom exception types","OPTIONAL","Weeks 10-11: reliability reference","Useful practice or extension; preserve choice and protect the required-path workload.","Only after corresponding required topic"
"SWOSUCOMSC1033Fall2026","11","11. Modules","11.1","11.1 Modules","KEEP","Weeks 12-13: classes and modules","Required conceptual path aligned to the existing Coding Odyssey sequence.","Classes (Chapter 9)"
"SWOSUCOMSC1033Fall2026","11","11. Modules","11.2","11.2 Finding modules","KEEP","Weeks 12-13: classes and modules","Required conceptual path aligned to the existing Coding Odyssey sequence.","Classes (Chapter 9)"
"SWOSUCOMSC1033Fall2026","11","11. Modules","11.3","11.3 Importing specific names from a module","KEEP","Weeks 12-13: classes and modules","Required conceptual path aligned to the existing Coding Odyssey sequence.","Classes (Chapter 9)"
"SWOSUCOMSC1033Fall2026","11","11. Modules","11.4","11.4 Executing modules as scripts","KEEP","Weeks 12-13: classes and modules","Required conceptual path aligned to the existing Coding Odyssey sequence.","Classes (Chapter 9)"
"SWOSUCOMSC1033Fall2026","11","11. Modules","11.5","11.5 Reloading modules","KEEP","Weeks 12-13: classes and modules","Required conceptual path aligned to the existing Coding Odyssey sequence.","Classes (Chapter 9)"
"SWOSUCOMSC1033Fall2026","11","11. Modules","11.6","11.6 Packages","KEEP","Weeks 12-13: classes and modules","Required conceptual path aligned to the existing Coding Odyssey sequence.","Classes (Chapter 9)"
"SWOSUCOMSC1033Fall2026","11","11. Modules","11.7","11.7 Standard library","KEEP","Weeks 12-13: classes and modules","Required conceptual path aligned to the existing Coding Odyssey sequence.","Classes (Chapter 9)"
"SWOSUCOMSC1033Fall2026","11","11. Modules","11.8","11.8 LAB: Artwork label (modules)","KEEP","Weeks 12-13: classes and modules","Required conceptual path aligned to the existing Coding Odyssey sequence.","Classes (Chapter 9)"
"SWOSUCOMSC1033Fall2026","11","11. Modules","11.9","11.9 LAB: Guess the random number","KEEP","Weeks 12-13: classes and modules","Required conceptual path aligned to the existing Coding Odyssey sequence.","Classes (Chapter 9)"
"SWOSUCOMSC1033Fall2026","11","11. Modules","11.10","11.10 LAB: Quadratic formula","KEEP","Weeks 12-13: classes and modules","Required conceptual path aligned to the existing Coding Odyssey sequence.","Classes (Chapter 9)"
"SWOSUCOMSC1033Fall2026","11","11. Modules","11.11","11.11 LAB: Unique random numbers (random module)","KEEP","Weeks 12-13: classes and modules","Required conceptual path aligned to the existing Coding Odyssey sequence.","Classes (Chapter 9)"
"SWOSUCOMSC1033Fall2026","11","11. Modules","11.12","11.12 LAB: Dates","KEEP","Weeks 12-13: classes and modules","Required conceptual path aligned to the existing Coding Odyssey sequence.","Classes (Chapter 9)"
"SWOSUCOMSC1033Fall2026","11","11. Modules","11.13","11.13 LAB: Radioactive decay","KEEP","Weeks 12-13: classes and modules","Required conceptual path aligned to the existing Coding Odyssey sequence.","Classes (Chapter 9)"
"SWOSUCOMSC1033Fall2026","12","12. Files","12.1","12.1 Reading files","OPTIONAL","Week 14: tools reference","Useful practice or extension; preserve choice and protect the required-path workload.","Only after corresponding required topic"
"SWOSUCOMSC1033Fall2026","12","12. Files","12.2","12.2 Writing files","OPTIONAL","Week 14: tools reference","Useful practice or extension; preserve choice and protect the required-path workload.","Only after corresponding required topic"
"SWOSUCOMSC1033Fall2026","12","12. Files","12.3","12.3 Interacting with file systems","OPTIONAL","Week 14: tools reference","Useful practice or extension; preserve choice and protect the required-path workload.","Only after corresponding required topic"
"SWOSUCOMSC1033Fall2026","12","12. Files","12.4","12.4 Binary data","OPTIONAL","Week 14: tools reference","Useful practice or extension; preserve choice and protect the required-path workload.","Only after corresponding required topic"
"SWOSUCOMSC1033Fall2026","12","12. Files","12.5","12.5 Command-line arguments and files","OPTIONAL","Week 14: tools reference","Useful practice or extension; preserve choice and protect the required-path workload.","Only after corresponding required topic"
"SWOSUCOMSC1033Fall2026","12","12. Files","12.6","12.6 The ""with"" statement","OPTIONAL","Week 14: tools reference","Useful practice or extension; preserve choice and protect the required-path workload.","Only after corresponding required topic"
"SWOSUCOMSC1033Fall2026","12","12. Files","12.7","12.7 Comma-separated values files","OPTIONAL","Week 14: tools reference","Useful practice or extension; preserve choice and protect the required-path workload.","Only after corresponding required topic"
"SWOSUCOMSC1033Fall2026","12","12. Files","12.8","12.8 LAB: Words in a range (lists)","OPTIONAL","Week 14: tools reference","Useful practice or extension; preserve choice and protect the required-path workload.","Only after corresponding required topic"
"SWOSUCOMSC1033Fall2026","12","12. Files","12.9","12.9 LAB: Word frequencies (lists)","OPTIONAL","Week 14: tools reference","Useful practice or extension; preserve choice and protect the required-path workload.","Only after corresponding required topic"
"SWOSUCOMSC1033Fall2026","12","12. Files","12.10","12.10 LAB: Sorting TV Shows (dictionaries and lists)","OPTIONAL","Week 14: tools reference","Useful practice or extension; preserve choice and protect the required-path workload.","Only after corresponding required topic"
"SWOSUCOMSC1033Fall2026","12","12. Files","12.11","12.11 LAB: Course Grade","OPTIONAL","Week 14: tools reference","Useful practice or extension; preserve choice and protect the required-path workload.","Only after corresponding required topic"
"SWOSUCOMSC1033Fall2026","12","12. Files","12.12","12.12 LAB: File name change","OPTIONAL","Week 14: tools reference","Useful practice or extension; preserve choice and protect the required-path workload.","Only after corresponding required topic"
"SWOSUCOMSC1033Fall2026","12","12. Files","12.13","12.13 LAB: Thesaurus","OPTIONAL","Week 14: tools reference","Useful practice or extension; preserve choice and protect the required-path workload.","Only after corresponding required topic"
"SWOSUCOMSC1033Fall2026","13","13. Inheritance","13.1","13.1 Derived classes","OPTIONAL","Extension reference; not required","Useful practice or extension; preserve choice and protect the required-path workload.","Only after corresponding required topic"
"SWOSUCOMSC1033Fall2026","13","13. Inheritance","13.2","13.2 Accessing base class attributes","OPTIONAL","Extension reference; not required","Useful practice or extension; preserve choice and protect the required-path workload.","Only after corresponding required topic"
"SWOSUCOMSC1033Fall2026","13","13. Inheritance","13.3","13.3 Overriding class methods","OPTIONAL","Extension reference; not required","Useful practice or extension; preserve choice and protect the required-path workload.","Only after corresponding required topic"
"SWOSUCOMSC1033Fall2026","13","13. Inheritance","13.4","13.4 Is-a versus has-a relationships","OPTIONAL","Extension reference; not required","Useful practice or extension; preserve choice and protect the required-path workload.","Only after corresponding required topic"
"SWOSUCOMSC1033Fall2026","13","13. Inheritance","13.5","13.5 Mixin classes and multiple inheritance","OPTIONAL","Extension reference; not required","Useful practice or extension; preserve choice and protect the required-path workload.","Only after corresponding required topic"
"SWOSUCOMSC1033Fall2026","13","13. Inheritance","13.6","13.6 Testing your code: The unittest module","OPTIONAL","Extension reference; not required","Useful practice or extension; preserve choice and protect the required-path workload.","Only after corresponding required topic"
"SWOSUCOMSC1033Fall2026","13","13. Inheritance","13.7","13.7 LAB: Pet information (derived classes)","OPTIONAL","Extension reference; not required","Useful practice or extension; preserve choice and protect the required-path workload.","Only after corresponding required topic"
"SWOSUCOMSC1033Fall2026","13","13. Inheritance","13.8","13.8 LAB: Instrument information (derived classes)","OPTIONAL","Extension reference; not required","Useful practice or extension; preserve choice and protect the required-path workload.","Only after corresponding required topic"
"SWOSUCOMSC1033Fall2026","13","13. Inheritance","13.9","13.9 LAB: Course information (derived classes)","OPTIONAL","Extension reference; not required","Useful practice or extension; preserve choice and protect the required-path workload.","Only after corresponding required topic"
"SWOSUCOMSC1033Fall2026","13","13. Inheritance","13.10","13.10 LAB: Book information (overriding member methods)","OPTIONAL","Extension reference; not required","Useful practice or extension; preserve choice and protect the required-path workload.","Only after corresponding required topic"
"SWOSUCOMSC1033Fall2026","13","13. Inheritance","13.11","13.11 LAB: Plant information","OPTIONAL","Extension reference; not required","Useful practice or extension; preserve choice and protect the required-path workload.","Only after corresponding required topic"
"SWOSUCOMSC1033Fall2026","14","14. Recursion","14.1","14.1 Recursive functions","OPTIONAL","Extension reference; not required","Useful practice or extension; preserve choice and protect the required-path workload.","Only after corresponding required topic"
"SWOSUCOMSC1033Fall2026","14","14. Recursion","14.2","14.2 Recursive algorithm: Search","OPTIONAL","Extension reference; not required","Useful practice or extension; preserve choice and protect the required-path workload.","Only after corresponding required topic"
"SWOSUCOMSC1033Fall2026","14","14. Recursion","14.3","14.3 Adding output statements for debugging","OPTIONAL","Extension reference; not required","Useful practice or extension; preserve choice and protect the required-path workload.","Only after corresponding required topic"
"SWOSUCOMSC1033Fall2026","14","14. Recursion","14.4","14.4 Creating a recursive function","OPTIONAL","Extension reference; not required","Useful practice or extension; preserve choice and protect the required-path workload.","Only after corresponding required topic"
"SWOSUCOMSC1033Fall2026","14","14. Recursion","14.5","14.5 Recursive math functions","OPTIONAL","Extension reference; not required","Useful practice or extension; preserve choice and protect the required-path workload.","Only after corresponding required topic"
"SWOSUCOMSC1033Fall2026","14","14. Recursion","14.6","14.6 Recursive exploration of all possibilities","OPTIONAL","Extension reference; not required","Useful practice or extension; preserve choice and protect the required-path workload.","Only after corresponding required topic"
"SWOSUCOMSC1033Fall2026","14","14. Recursion","14.7","14.7 LAB: Fibonacci sequence (recursion)","OPTIONAL","Extension reference; not required","Useful practice or extension; preserve choice and protect the required-path workload.","Only after corresponding required topic"
"SWOSUCOMSC1033Fall2026","14","14. Recursion","14.8","14.8 LAB: All permutations of names","OPTIONAL","Extension reference; not required","Useful practice or extension; preserve choice and protect the required-path workload.","Only after corresponding required topic"
"SWOSUCOMSC1033Fall2026","14","14. Recursion","14.9","14.9 LAB: Number pattern","OPTIONAL","Extension reference; not required","Useful practice or extension; preserve choice and protect the required-path workload.","Only after corresponding required topic"
"SWOSUCOMSC1033Fall2026","14","14. Recursion","14.10","14.10 LAB: Count the digits","OPTIONAL","Extension reference; not required","Useful practice or extension; preserve choice and protect the required-path workload.","Only after corresponding required topic"
"SWOSUCOMSC1033Fall2026","14","14. Recursion","14.11","14.11 LAB: Drawing a right side up triangle","OPTIONAL","Extension reference; not required","Useful practice or extension; preserve choice and protect the required-path workload.","Only after corresponding required topic"
"SWOSUCOMSC1033Fall2026","14","14. Recursion","14.12","14.12 LAB: Output a linked list","OPTIONAL","Extension reference; not required","Useful practice or extension; preserve choice and protect the required-path workload.","Only after corresponding required topic"
"SWOSUCOMSC1033Fall2026","15","15. Plotting","15.1","15.1 NumPy","UNUSED","","Outside the Fall 2026 CS1 spine or duplicative of instructor-created work.","Only after corresponding required topic"
"SWOSUCOMSC1033Fall2026","15","15. Plotting","15.2","15.2 pandas","UNUSED","","Outside the Fall 2026 CS1 spine or duplicative of instructor-created work.","Only after corresponding required topic"
"SWOSUCOMSC1033Fall2026","15","15. Plotting","15.3","15.3 Matplotlib","UNUSED","","Outside the Fall 2026 CS1 spine or duplicative of instructor-created work.","Only after corresponding required topic"
"SWOSUCOMSC1033Fall2026","15","15. Plotting","15.4","15.4 LAB: Average exam scores (NumPy arrays basic)","UNUSED","","Outside the Fall 2026 CS1 spine or duplicative of instructor-created work.","Only after corresponding required topic"
"SWOSUCOMSC1033Fall2026","15","15. Plotting","15.5","15.5 LAB: Curve student scores","UNUSED","","Outside the Fall 2026 CS1 spine or duplicative of instructor-created work.","Only after corresponding required topic"
"SWOSUCOMSC1033Fall2026","15","15. Plotting","15.6","15.6 LAB: Course grade statistics (pandas)","UNUSED","","Outside the Fall 2026 CS1 spine or duplicative of instructor-created work.","Only after corresponding required topic"
"SWOSUCOMSC1033Fall2026","15","15. Plotting","15.7","15.7 LAB: Flight status (line plot)","UNUSED","","Outside the Fall 2026 CS1 spine or duplicative of instructor-created work.","Only after corresponding required topic"
"SWOSUCOMSC1033Fall2026","15","15. Plotting","15.8","15.8 LAB: Broadway show scatter plot","UNUSED","","Outside the Fall 2026 CS1 spine or duplicative of instructor-created work.","Only after corresponding required topic"
"SWOSUCOMSC1033Fall2026","15","15. Plotting","15.9","15.9 LAB: Broadway show multiple plots","UNUSED","","Outside the Fall 2026 CS1 spine or duplicative of instructor-created work.","Only after corresponding required topic"
"SWOSUCOMSC1033Fall2026","16","16. Searching and Sorting Algorithms","16.1","16.1 Searching and algorithms","UNUSED","","Outside the Fall 2026 CS1 spine or duplicative of instructor-created work.","Only after corresponding required topic"
"SWOSUCOMSC1033Fall2026","16","16. Searching and Sorting Algorithms","16.2","16.2 Binary search","UNUSED","","Outside the Fall 2026 CS1 spine or duplicative of instructor-created work.","Only after corresponding required topic"
"SWOSUCOMSC1033Fall2026","16","16. Searching and Sorting Algorithms","16.3","16.3 O notation","UNUSED","","Outside the Fall 2026 CS1 spine or duplicative of instructor-created work.","Only after corresponding required topic"
"SWOSUCOMSC1033Fall2026","16","16. Searching and Sorting Algorithms","16.4","16.4 Algorithm analysis","UNUSED","","Outside the Fall 2026 CS1 spine or duplicative of instructor-created work.","Only after corresponding required topic"
"SWOSUCOMSC1033Fall2026","16","16. Searching and Sorting Algorithms","16.5","16.5 Sorting: Introduction","UNUSED","","Outside the Fall 2026 CS1 spine or duplicative of instructor-created work.","Only after corresponding required topic"
"SWOSUCOMSC1033Fall2026","16","16. Searching and Sorting Algorithms","16.6","16.6 Selection sort","UNUSED","","Outside the Fall 2026 CS1 spine or duplicative of instructor-created work.","Only after corresponding required topic"
"SWOSUCOMSC1033Fall2026","16","16. Searching and Sorting Algorithms","16.7","16.7 Insertion sort","UNUSED","","Outside the Fall 2026 CS1 spine or duplicative of instructor-created work.","Only after corresponding required topic"
"SWOSUCOMSC1033Fall2026","16","16. Searching and Sorting Algorithms","16.8","16.8 Quicksort","UNUSED","","Outside the Fall 2026 CS1 spine or duplicative of instructor-created work.","Only after corresponding required topic"
"SWOSUCOMSC1033Fall2026","16","16. Searching and Sorting Algorithms","16.9","16.9 Merge sort","UNUSED","","Outside the Fall 2026 CS1 spine or duplicative of instructor-created work.","Only after corresponding required topic"
"SWOSUCOMSC1033Fall2026","16","16. Searching and Sorting Algorithms","16.10","16.10 LAB: Descending selection sort with output during execution","UNUSED","","Outside the Fall 2026 CS1 spine or duplicative of instructor-created work.","Only after corresponding required topic"
"SWOSUCOMSC1033Fall2026","16","16. Searching and Sorting Algorithms","16.11","16.11 LAB: Sorting user IDs","UNUSED","","Outside the Fall 2026 CS1 spine or duplicative of instructor-created work.","Only after corresponding required topic"
"SWOSUCOMSC1033Fall2026","16","16. Searching and Sorting Algorithms","16.12","16.12 LAB: Insertion sort","UNUSED","","Outside the Fall 2026 CS1 spine or duplicative of instructor-created work.","Only after corresponding required topic"
"SWOSUCOMSC1033Fall2026","16","16. Searching and Sorting Algorithms","16.13","16.13 LAB: Merge sort","UNUSED","","Outside the Fall 2026 CS1 spine or duplicative of instructor-created work.","Only after corresponding required topic"
"SWOSUCOMSC1033Fall2026","16","16. Searching and Sorting Algorithms","16.14","16.14 LAB: Binary Search","UNUSED","","Outside the Fall 2026 CS1 spine or duplicative of instructor-created work.","Only after corresponding required topic"
"SWOSUCOMSC1033Fall2026","17","17. Additional Material","17.1","17.1 String formatting using %","UNUSED","","Outside the Fall 2026 CS1 spine or duplicative of instructor-created work.","Only after corresponding required topic"
"SWOSUCOMSC1033Fall2026","17","17. Additional Material","17.2","17.2 String formatting using format()","UNUSED","","Outside the Fall 2026 CS1 spine or duplicative of instructor-created work.","Only after corresponding required topic"
"SWOSUCOMSC1033Fall2026","17","17. Additional Material","17.3","17.3 String formatting using dictionaries","UNUSED","","Outside the Fall 2026 CS1 spine or duplicative of instructor-created work.","Only after corresponding required topic"
"SWOSUCOMSC1033Fall2026","17","17. Additional Material","17.4","17.4 Basic graphics","UNUSED","","Outside the Fall 2026 CS1 spine or duplicative of instructor-created work.","Only after corresponding required topic"
"SWOSUCOMSC1033Fall2026","17","17. Additional Material","17.5","17.5 zyBooks built-in programming window","UNUSED","","Outside the Fall 2026 CS1 spine or duplicative of instructor-created work.","Only after corresponding required topic"
"SWOSUCOMSC1033Fall2026","18","18. Additional Labs: Introduction to Python 3","18.1","18.1 LAB*: Program: ASCII cat","UNUSED","","Outside the Fall 2026 CS1 spine or duplicative of instructor-created work.","Only after corresponding required topic"
"SWOSUCOMSC1033Fall2026","18","18. Additional Labs: Introduction to Python 3","18.2","18.2 LAB*: Program: Phone directory","UNUSED","","Outside the Fall 2026 CS1 spine or duplicative of instructor-created work.","Only after corresponding required topic"
"SWOSUCOMSC1033Fall2026","19","19. Additional Labs: Variables and Expressions","19.1","19.1 LAB: Convert to seconds","UNUSED","","Outside the Fall 2026 CS1 spine or duplicative of instructor-created work.","Only after corresponding required topic"
"SWOSUCOMSC1033Fall2026","19","19. Additional Labs: Variables and Expressions","19.2","19.2 LAB: Convert from seconds","UNUSED","","Outside the Fall 2026 CS1 spine or duplicative of instructor-created work.","Only after corresponding required topic"
"SWOSUCOMSC1033Fall2026","19","19. Additional Labs: Variables and Expressions","19.3","19.3 LAB: Pizza party","UNUSED","","Outside the Fall 2026 CS1 spine or duplicative of instructor-created work.","Only after corresponding required topic"
"SWOSUCOMSC1033Fall2026","19","19. Additional Labs: Variables and Expressions","19.4","19.4 LAB: Hypotenuse","UNUSED","","Outside the Fall 2026 CS1 spine or duplicative of instructor-created work.","Only after corresponding required topic"
"SWOSUCOMSC1033Fall2026","19","19. Additional Labs: Variables and Expressions","19.5","19.5 LAB: Area of a triangle","UNUSED","","Outside the Fall 2026 CS1 spine or duplicative of instructor-created work.","Only after corresponding required topic"
"SWOSUCOMSC1033Fall2026","19","19. Additional Labs: Variables and Expressions","19.6","19.6 LAB: Ordering pizza","UNUSED","","Outside the Fall 2026 CS1 spine or duplicative of instructor-created work.","Only after corresponding required topic"
"SWOSUCOMSC1033Fall2026","19","19. Additional Labs: Variables and Expressions","19.7","19.7 LAB: Square root","UNUSED","","Outside the Fall 2026 CS1 spine or duplicative of instructor-created work.","Only after corresponding required topic"
"SWOSUCOMSC1033Fall2026","19","19. Additional Labs: Variables and Expressions","19.8","19.8 LAB: Volume and area of cylinder","UNUSED","","Outside the Fall 2026 CS1 spine or duplicative of instructor-created work.","Only after corresponding required topic"
"SWOSUCOMSC1033Fall2026","19","19. Additional Labs: Variables and Expressions","19.9","19.9 LAB*: Program: Carpet sales","UNUSED","","Outside the Fall 2026 CS1 spine or duplicative of instructor-created work.","Only after corresponding required topic"
"SWOSUCOMSC1033Fall2026","19","19. Additional Labs: Variables and Expressions","19.10","19.10 LAB*: Program: Pizza party weekend","UNUSED","","Outside the Fall 2026 CS1 spine or duplicative of instructor-created work.","Only after corresponding required topic"
"SWOSUCOMSC1033Fall2026","20","20. Additional Labs: Types","20.1","20.1 LAB: Input and formatted output: Caffeine levels","UNUSED","","Outside the Fall 2026 CS1 spine or duplicative of instructor-created work.","Only after corresponding required topic"
"SWOSUCOMSC1033Fall2026","20","20. Additional Labs: Types","20.2","20.2 LAB: Input and formatted output: House real estate summary","UNUSED","","Outside the Fall 2026 CS1 spine or duplicative of instructor-created work.","Only after corresponding required topic"
"SWOSUCOMSC1033Fall2026","20","20. Additional Labs: Types","20.3","20.3 LAB*: Program: Painting a wall","UNUSED","","Outside the Fall 2026 CS1 spine or duplicative of instructor-created work.","Only after corresponding required topic"
"SWOSUCOMSC1033Fall2026","21","21. Additional Labs: Branching","21.1","21.1 LAB: Remove gray from RGB","UNUSED","","Outside the Fall 2026 CS1 spine or duplicative of instructor-created work.","Only after corresponding required topic"
"SWOSUCOMSC1033Fall2026","21","21. Additional Labs: Branching","21.2","21.2 LAB: Longest string","UNUSED","","Outside the Fall 2026 CS1 spine or duplicative of instructor-created work.","Only after corresponding required topic"
"SWOSUCOMSC1033Fall2026","21","21. Additional Labs: Branching","21.3","21.3 LAB: Max of 2","UNUSED","","Outside the Fall 2026 CS1 spine or duplicative of instructor-created work.","Only after corresponding required topic"
"SWOSUCOMSC1033Fall2026","21","21. Additional Labs: Branching","21.4","21.4 LAB: Max of 3","UNUSED","","Outside the Fall 2026 CS1 spine or duplicative of instructor-created work.","Only after corresponding required topic"
"SWOSUCOMSC1033Fall2026","21","21. Additional Labs: Branching","21.5","21.5 LAB: Median of 3","UNUSED","","Outside the Fall 2026 CS1 spine or duplicative of instructor-created work.","Only after corresponding required topic"
"SWOSUCOMSC1033Fall2026","21","21. Additional Labs: Branching","21.6","21.6 LAB: Speeding ticket","UNUSED","","Outside the Fall 2026 CS1 spine or duplicative of instructor-created work.","Only after corresponding required topic"
"SWOSUCOMSC1033Fall2026","21","21. Additional Labs: Branching","21.7","21.7 LAB: Movie ticket prices","UNUSED","","Outside the Fall 2026 CS1 spine or duplicative of instructor-created work.","Only after corresponding required topic"
"SWOSUCOMSC1033Fall2026","21","21. Additional Labs: Branching","21.8","21.8 LAB: How many digits","UNUSED","","Outside the Fall 2026 CS1 spine or duplicative of instructor-created work.","Only after corresponding required topic"
"SWOSUCOMSC1033Fall2026","21","21. Additional Labs: Branching","21.9","21.9 LAB: Phrases and subphrases","UNUSED","","Outside the Fall 2026 CS1 spine or duplicative of instructor-created work.","Only after corresponding required topic"
"SWOSUCOMSC1033Fall2026","21","21. Additional Labs: Branching","21.10","21.10 LAB: Count odd numbers","UNUSED","","Outside the Fall 2026 CS1 spine or duplicative of instructor-created work.","Only after corresponding required topic"
"SWOSUCOMSC1033Fall2026","21","21. Additional Labs: Branching","21.11","21.11 LAB: Alphabetical order (chars)","UNUSED","","Outside the Fall 2026 CS1 spine or duplicative of instructor-created work.","Only after corresponding required topic"
"SWOSUCOMSC1033Fall2026","21","21. Additional Labs: Branching","21.12","21.12 LAB: Comparing floats","UNUSED","","Outside the Fall 2026 CS1 spine or duplicative of instructor-created work.","Only after corresponding required topic"
"SWOSUCOMSC1033Fall2026","21","21. Additional Labs: Branching","21.13","21.13 LAB*: Program: Grade calculator","UNUSED","","Outside the Fall 2026 CS1 spine or duplicative of instructor-created work.","Only after corresponding required topic"
"SWOSUCOMSC1033Fall2026","21","21. Additional Labs: Branching","21.14","21.14 LAB*: Program: Income tax form","UNUSED","","Outside the Fall 2026 CS1 spine or duplicative of instructor-created work.","Only after corresponding required topic"
"SWOSUCOMSC1033Fall2026","22","22. Additional Labs: Loops","22.1","22.1 LAB: Count input length without spaces, periods, exclamation points, or commas","UNUSED","","Outside the Fall 2026 CS1 spine or duplicative of instructor-created work.","Only after corresponding required topic"
"SWOSUCOMSC1033Fall2026","22","22. Additional Labs: Loops","22.2","22.2 LAB: Countdown until matching digits","UNUSED","","Outside the Fall 2026 CS1 spine or duplicative of instructor-created work.","Only after corresponding required topic"
"SWOSUCOMSC1033Fall2026","22","22. Additional Labs: Loops","22.3","22.3 LAB: Smallest and largest numbers in a list","UNUSED","","Outside the Fall 2026 CS1 spine or duplicative of instructor-created work.","Only after corresponding required topic"
"SWOSUCOMSC1033Fall2026","22","22. Additional Labs: Loops","22.4","22.4 LAB: Output values in a list below a user defined amount","UNUSED","","Outside the Fall 2026 CS1 spine or duplicative of instructor-created work.","Only after corresponding required topic"
"SWOSUCOMSC1033Fall2026","22","22. Additional Labs: Loops","22.5","22.5 LAB: Count multiples","UNUSED","","Outside the Fall 2026 CS1 spine or duplicative of instructor-created work.","Only after corresponding required topic"
"SWOSUCOMSC1033Fall2026","22","22. Additional Labs: Loops","22.6","22.6 LAB: Find largest number","UNUSED","","Outside the Fall 2026 CS1 spine or duplicative of instructor-created work.","Only after corresponding required topic"
"SWOSUCOMSC1033Fall2026","22","22. Additional Labs: Loops","22.7","22.7 LAB: Hailstone sequence","UNUSED","","Outside the Fall 2026 CS1 spine or duplicative of instructor-created work.","Only after corresponding required topic"
"SWOSUCOMSC1033Fall2026","22","22. Additional Labs: Loops","22.8","22.8 LAB: Output numbers in reverse","UNUSED","","Outside the Fall 2026 CS1 spine or duplicative of instructor-created work.","Only after corresponding required topic"
"SWOSUCOMSC1033Fall2026","22","22. Additional Labs: Loops","22.9","22.9 LAB: Months until payoff","UNUSED","","Outside the Fall 2026 CS1 spine or duplicative of instructor-created work.","Only after corresponding required topic"
"SWOSUCOMSC1033Fall2026","22","22. Additional Labs: Loops","22.10","22.10 LAB: Matching strings","UNUSED","","Outside the Fall 2026 CS1 spine or duplicative of instructor-created work.","Only after corresponding required topic"
"SWOSUCOMSC1033Fall2026","22","22. Additional Labs: Loops","22.11","22.11 LAB: Draw right-justified triangle","UNUSED","","Outside the Fall 2026 CS1 spine or duplicative of instructor-created work.","Only after corresponding required topic"
"SWOSUCOMSC1033Fall2026","22","22. Additional Labs: Loops","22.12","22.12 LAB: Draw upside down triangle","UNUSED","","Outside the Fall 2026 CS1 spine or duplicative of instructor-created work.","Only after corresponding required topic"
"SWOSUCOMSC1033Fall2026","22","22. Additional Labs: Loops","22.13","22.13 LAB*: Program: Drawing a half arrow","UNUSED","","Outside the Fall 2026 CS1 spine or duplicative of instructor-created work.","Only after corresponding required topic"
"SWOSUCOMSC1033Fall2026","22","22. Additional Labs: Loops","22.14","22.14 LAB*: Program: Rock paper scissors","UNUSED","","Outside the Fall 2026 CS1 spine or duplicative of instructor-created work.","Only after corresponding required topic"
"SWOSUCOMSC1033Fall2026","23","23. Additional Labs: Functions","23.1","23.1 LAB: Track laps to miles","UNUSED","","Outside the Fall 2026 CS1 spine or duplicative of instructor-created work.","Only after corresponding required topic"
"SWOSUCOMSC1033Fall2026","23","23. Additional Labs: Functions","23.2","23.2 LAB: Max magnitude","UNUSED","","Outside the Fall 2026 CS1 spine or duplicative of instructor-created work.","Only after corresponding required topic"
"SWOSUCOMSC1033Fall2026","23","23. Additional Labs: Functions","23.3","23.3 LAB: A jiffy","UNUSED","","Outside the Fall 2026 CS1 spine or duplicative of instructor-created work.","Only after corresponding required topic"
"SWOSUCOMSC1033Fall2026","23","23. Additional Labs: Functions","23.4","23.4 LAB: Leap year - functions","UNUSED","","Outside the Fall 2026 CS1 spine or duplicative of instructor-created work.","Only after corresponding required topic"
"SWOSUCOMSC1033Fall2026","23","23. Additional Labs: Functions","23.5","23.5 LAB: Exact change - functions","UNUSED","","Outside the Fall 2026 CS1 spine or duplicative of instructor-created work.","Only after corresponding required topic"
"SWOSUCOMSC1033Fall2026","23","23. Additional Labs: Functions","23.6","23.6 LAB: Multiples of ten in a list","UNUSED","","Outside the Fall 2026 CS1 spine or duplicative of instructor-created work.","Only after corresponding required topic"
"SWOSUCOMSC1033Fall2026","23","23. Additional Labs: Functions","23.7","23.7 LAB: Output values in a list below a user defined amount - functions","UNUSED","","Outside the Fall 2026 CS1 spine or duplicative of instructor-created work.","Only after corresponding required topic"
"SWOSUCOMSC1033Fall2026","23","23. Additional Labs: Functions","23.8","23.8 LAB: Count evens","UNUSED","","Outside the Fall 2026 CS1 spine or duplicative of instructor-created work.","Only after corresponding required topic"
"SWOSUCOMSC1033Fall2026","23","23. Additional Labs: Functions","23.9","23.9 LAB: Write sum_and_cast() function to cast float to int","UNUSED","","Outside the Fall 2026 CS1 spine or duplicative of instructor-created work.","Only after corresponding required topic"
"SWOSUCOMSC1033Fall2026","23","23. Additional Labs: Functions","23.10","23.10 LAB: Toll calculation","UNUSED","","Outside the Fall 2026 CS1 spine or duplicative of instructor-created work.","Only after corresponding required topic"
"SWOSUCOMSC1033Fall2026","23","23. Additional Labs: Functions","23.11","23.11 LAB: Max and min numbers","UNUSED","","Outside the Fall 2026 CS1 spine or duplicative of instructor-created work.","Only after corresponding required topic"
"SWOSUCOMSC1033Fall2026","23","23. Additional Labs: Functions","23.12","23.12 LAB: Flip a coin","UNUSED","","Outside the Fall 2026 CS1 spine or duplicative of instructor-created work.","Only after corresponding required topic"
"SWOSUCOMSC1033Fall2026","23","23. Additional Labs: Functions","23.13","23.13 LAB*: Program: Income tax form - functions","UNUSED","","Outside the Fall 2026 CS1 spine or duplicative of instructor-created work.","Only after corresponding required topic"
"SWOSUCOMSC1033Fall2026","23","23. Additional Labs: Functions","23.14","23.14 LAB*: Program: Poker dice game","UNUSED","","Outside the Fall 2026 CS1 spine or duplicative of instructor-created work.","Only after corresponding required topic"
"SWOSUCOMSC1033Fall2026","24","24. Additional Labs: Strings","24.1","24.1 LAB: Acronyms","UNUSED","","Outside the Fall 2026 CS1 spine or duplicative of instructor-created work.","Only after corresponding required topic"
"SWOSUCOMSC1033Fall2026","24","24. Additional Labs: Strings","24.2","24.2 LAB: Contains the character","UNUSED","","Outside the Fall 2026 CS1 spine or duplicative of instructor-created work.","Only after corresponding required topic"
"SWOSUCOMSC1033Fall2026","24","24. Additional Labs: Strings","24.3","24.3 LAB: Fun with characters","UNUSED","","Outside the Fall 2026 CS1 spine or duplicative of instructor-created work.","Only after corresponding required topic"
"SWOSUCOMSC1033Fall2026","24","24. Additional Labs: Strings","24.4","24.4 LAB: Remove digits - functions","UNUSED","","Outside the Fall 2026 CS1 spine or duplicative of instructor-created work.","Only after corresponding required topic"
"SWOSUCOMSC1033Fall2026","24","24. Additional Labs: Strings","24.5","24.5 LAB: Midfix of 5","UNUSED","","Outside the Fall 2026 CS1 spine or duplicative of instructor-created work.","Only after corresponding required topic"
"SWOSUCOMSC1033Fall2026","24","24. Additional Labs: Strings","24.6","24.6 LAB: Parsing dates","UNUSED","","Outside the Fall 2026 CS1 spine or duplicative of instructor-created work.","Only after corresponding required topic"
"SWOSUCOMSC1033Fall2026","24","24. Additional Labs: Strings","24.7","24.7 LAB: Prefix of 5","UNUSED","","Outside the Fall 2026 CS1 spine or duplicative of instructor-created work.","Only after corresponding required topic"
"SWOSUCOMSC1033Fall2026","24","24. Additional Labs: Strings","24.8","24.8 LAB: Postfix of 5","UNUSED","","Outside the Fall 2026 CS1 spine or duplicative of instructor-created work.","Only after corresponding required topic"
"SWOSUCOMSC1033Fall2026","24","24. Additional Labs: Strings","24.9","24.9 LAB: Login name","UNUSED","","Outside the Fall 2026 CS1 spine or duplicative of instructor-created work.","Only after corresponding required topic"
"SWOSUCOMSC1033Fall2026","24","24. Additional Labs: Strings","24.10","24.10 LAB: Phone number string breakdown","UNUSED","","Outside the Fall 2026 CS1 spine or duplicative of instructor-created work.","Only after corresponding required topic"
"SWOSUCOMSC1033Fall2026","24","24. Additional Labs: Strings","24.11","24.11 LAB: Warm up: Parsing strings","UNUSED","","Outside the Fall 2026 CS1 spine or duplicative of instructor-created work.","Only after corresponding required topic"
"SWOSUCOMSC1033Fall2026","24","24. Additional Labs: Strings","24.12","24.12 LAB*: Program: Data visualization","UNUSED","","Outside the Fall 2026 CS1 spine or duplicative of instructor-created work.","Only after corresponding required topic"
"SWOSUCOMSC1033Fall2026","25","25. Additional Labs: Lists and Dictionaries","25.1","25.1 LAB: Middle item","UNUSED","","Outside the Fall 2026 CS1 spine or duplicative of instructor-created work.","Only after corresponding required topic"
"SWOSUCOMSC1033Fall2026","25","25. Additional Labs: Lists and Dictionaries","25.2","25.2 LAB: Word frequencies","UNUSED","","Outside the Fall 2026 CS1 spine or duplicative of instructor-created work.","Only after corresponding required topic"
"SWOSUCOMSC1033Fall2026","25","25. Additional Labs: Lists and Dictionaries","25.3","25.3 LAB: Replacement words","UNUSED","","Outside the Fall 2026 CS1 spine or duplicative of instructor-created work.","Only after corresponding required topic"
"SWOSUCOMSC1033Fall2026","25","25. Additional Labs: Lists and Dictionaries","25.4","25.4 LAB: Scrabble points","UNUSED","","Outside the Fall 2026 CS1 spine or duplicative of instructor-created work.","Only after corresponding required topic"
"SWOSUCOMSC1033Fall2026","25","25. Additional Labs: Lists and Dictionaries","25.5","25.5 LAB: Word frequencies (dictionaries)","UNUSED","","Outside the Fall 2026 CS1 spine or duplicative of instructor-created work.","Only after corresponding required topic"
"SWOSUCOMSC1033Fall2026","25","25. Additional Labs: Lists and Dictionaries","25.6","25.6 LAB: Calculate average","UNUSED","","Outside the Fall 2026 CS1 spine or duplicative of instructor-created work.","Only after corresponding required topic"
"SWOSUCOMSC1033Fall2026","25","25. Additional Labs: Lists and Dictionaries","25.7","25.7 LAB: Reverse list","UNUSED","","Outside the Fall 2026 CS1 spine or duplicative of instructor-created work.","Only after corresponding required topic"
"SWOSUCOMSC1033Fall2026","25","25. Additional Labs: Lists and Dictionaries","25.8","25.8 LAB: Remove all odd numbers from a list","UNUSED","","Outside the Fall 2026 CS1 spine or duplicative of instructor-created work.","Only after corresponding required topic"
"SWOSUCOMSC1033Fall2026","25","25. Additional Labs: Lists and Dictionaries","25.9","25.9 LAB: Subtracting list elements from max - functions","UNUSED","","Outside the Fall 2026 CS1 spine or duplicative of instructor-created work.","Only after corresponding required topic"
"SWOSUCOMSC1033Fall2026","25","25. Additional Labs: Lists and Dictionaries","25.10","25.10 LAB: Output values below an amount - functions","UNUSED","","Outside the Fall 2026 CS1 spine or duplicative of instructor-created work.","Only after corresponding required topic"
"SWOSUCOMSC1033Fall2026","25","25. Additional Labs: Lists and Dictionaries","25.11","25.11 LAB: Adjust list by normalizing","UNUSED","","Outside the Fall 2026 CS1 spine or duplicative of instructor-created work.","Only after corresponding required topic"
"SWOSUCOMSC1033Fall2026","25","25. Additional Labs: Lists and Dictionaries","25.12","25.12 LAB: Output values below an amount","UNUSED","","Outside the Fall 2026 CS1 spine or duplicative of instructor-created work.","Only after corresponding required topic"
"SWOSUCOMSC1033Fall2026","25","25. Additional Labs: Lists and Dictionaries","25.13","25.13 LAB: Two smallest numbers","UNUSED","","Outside the Fall 2026 CS1 spine or duplicative of instructor-created work.","Only after corresponding required topic"
"SWOSUCOMSC1033Fall2026","25","25. Additional Labs: Lists and Dictionaries","25.14","25.14 LAB: List palindrome","UNUSED","","Outside the Fall 2026 CS1 spine or duplicative of instructor-created work.","Only after corresponding required topic"
"SWOSUCOMSC1033Fall2026","25","25. Additional Labs: Lists and Dictionaries","25.15","25.15 LAB: Swap ends","UNUSED","","Outside the Fall 2026 CS1 spine or duplicative of instructor-created work.","Only after corresponding required topic"
"SWOSUCOMSC1033Fall2026","25","25. Additional Labs: Lists and Dictionaries","25.16","25.16 LAB: Shift right","UNUSED","","Outside the Fall 2026 CS1 spine or duplicative of instructor-created work.","Only after corresponding required topic"
"SWOSUCOMSC1033Fall2026","25","25. Additional Labs: Lists and Dictionaries","25.17","25.17 LAB: Find mode","UNUSED","","Outside the Fall 2026 CS1 spine or duplicative of instructor-created work.","Only after corresponding required topic"
"SWOSUCOMSC1033Fall2026","25","25. Additional Labs: Lists and Dictionaries","25.18","25.18 LAB: Nth from end","UNUSED","","Outside the Fall 2026 CS1 spine or duplicative of instructor-created work.","Only after corresponding required topic"
"SWOSUCOMSC1033Fall2026","25","25. Additional Labs: Lists and Dictionaries","25.19","25.19 LAB: Sum of products","UNUSED","","Outside the Fall 2026 CS1 spine or duplicative of instructor-created work.","Only after corresponding required topic"
"SWOSUCOMSC1033Fall2026","25","25. Additional Labs: Lists and Dictionaries","25.20","25.20 LAB: Matrix multiplication","UNUSED","","Outside the Fall 2026 CS1 spine or duplicative of instructor-created work.","Only after corresponding required topic"
"SWOSUCOMSC1033Fall2026","25","25. Additional Labs: Lists and Dictionaries","25.21","25.21 LAB: Is list sorted","UNUSED","","Outside the Fall 2026 CS1 spine or duplicative of instructor-created work.","Only after corresponding required topic"
"SWOSUCOMSC1033Fall2026","25","25. Additional Labs: Lists and Dictionaries","25.22","25.22 LAB*: Program: Credit card debt","UNUSED","","Outside the Fall 2026 CS1 spine or duplicative of instructor-created work.","Only after corresponding required topic"
"SWOSUCOMSC1033Fall2026","25","25. Additional Labs: Lists and Dictionaries","25.23","25.23 LAB*: Program: List statistics","UNUSED","","Outside the Fall 2026 CS1 spine or duplicative of instructor-created work.","Only after corresponding required topic"
"SWOSUCOMSC1033Fall2026","26","26. Additional Labs: Classes","26.1","26.1 LAB: Simple car","UNUSED","","Outside the Fall 2026 CS1 spine or duplicative of instructor-created work.","Only after corresponding required topic"
"SWOSUCOMSC1033Fall2026","26","26. Additional Labs: Classes","26.2","26.2 LAB: Calculator class","UNUSED","","Outside the Fall 2026 CS1 spine or duplicative of instructor-created work.","Only after corresponding required topic"
"SWOSUCOMSC1033Fall2026","26","26. Additional Labs: Classes","26.3","26.3 LAB: Product class","UNUSED","","Outside the Fall 2026 CS1 spine or duplicative of instructor-created work.","Only after corresponding required topic"
"SWOSUCOMSC1033Fall2026","26","26. Additional Labs: Classes","26.4","26.4 LAB: Student class","UNUSED","","Outside the Fall 2026 CS1 spine or duplicative of instructor-created work.","Only after corresponding required topic"
"SWOSUCOMSC1033Fall2026","26","26. Additional Labs: Classes","26.5","26.5 LAB: Random values","UNUSED","","Outside the Fall 2026 CS1 spine or duplicative of instructor-created work.","Only after corresponding required topic"
"SWOSUCOMSC1033Fall2026","26","26. Additional Labs: Classes","26.6","26.6 LAB: BankAccount class","UNUSED","","Outside the Fall 2026 CS1 spine or duplicative of instructor-created work.","Only after corresponding required topic"
"SWOSUCOMSC1033Fall2026","26","26. Additional Labs: Classes","26.7","26.7 LAB: How many dice rolls?","UNUSED","","Outside the Fall 2026 CS1 spine or duplicative of instructor-created work.","Only after corresponding required topic"
"SWOSUCOMSC1033Fall2026","26","26. Additional Labs: Classes","26.8","26.8 LAB: Consecutive heads","UNUSED","","Outside the Fall 2026 CS1 spine or duplicative of instructor-created work.","Only after corresponding required topic"
"SWOSUCOMSC1033Fall2026","26","26. Additional Labs: Classes","26.9","26.9 LAB: Flipping for tails","UNUSED","","Outside the Fall 2026 CS1 spine or duplicative of instructor-created work.","Only after corresponding required topic"
"SWOSUCOMSC1033Fall2026","26","26. Additional Labs: Classes","26.10","26.10 LAB: Flipping for heads","UNUSED","","Outside the Fall 2026 CS1 spine or duplicative of instructor-created work.","Only after corresponding required topic"
"SWOSUCOMSC1033Fall2026","26","26. Additional Labs: Classes","26.11","26.11 LAB: Course size","UNUSED","","Outside the Fall 2026 CS1 spine or duplicative of instructor-created work.","Only after corresponding required topic"
"SWOSUCOMSC1033Fall2026","26","26. Additional Labs: Classes","26.12","26.12 LAB: What is the dice average?","UNUSED","","Outside the Fall 2026 CS1 spine or duplicative of instructor-created work.","Only after corresponding required topic"
"SWOSUCOMSC1033Fall2026","26","26. Additional Labs: Classes","26.13","26.13 LAB: Dean's list","UNUSED","","Outside the Fall 2026 CS1 spine or duplicative of instructor-created work.","Only after corresponding required topic"
"SWOSUCOMSC1033Fall2026","26","26. Additional Labs: Classes","26.14","26.14 LAB: Drop student","UNUSED","","Outside the Fall 2026 CS1 spine or duplicative of instructor-created work.","Only after corresponding required topic"
"SWOSUCOMSC1033Fall2026","26","26. Additional Labs: Classes","26.15","26.15 LAB: Rolling for X","UNUSED","","Outside the Fall 2026 CS1 spine or duplicative of instructor-created work.","Only after corresponding required topic"
"SWOSUCOMSC1033Fall2026","26","26. Additional Labs: Classes","26.16","26.16 LAB: Rolling for a pair","UNUSED","","Outside the Fall 2026 CS1 spine or duplicative of instructor-created work.","Only after corresponding required topic"
"SWOSUCOMSC1033Fall2026","26","26. Additional Labs: Classes","26.17","26.17 LAB: Count honors","UNUSED","","Outside the Fall 2026 CS1 spine or duplicative of instructor-created work.","Only after corresponding required topic"
"SWOSUCOMSC1033Fall2026","26","26. Additional Labs: Classes","26.18","26.18 LAB: Find student with highest GPA","UNUSED","","Outside the Fall 2026 CS1 spine or duplicative of instructor-created work.","Only after corresponding required topic"
"SWOSUCOMSC1033Fall2026","26","26. Additional Labs: Classes","26.19","26.19 LAB: Print student roster","UNUSED","","Outside the Fall 2026 CS1 spine or duplicative of instructor-created work.","Only after corresponding required topic"
"SWOSUCOMSC1033Fall2026","26","26. Additional Labs: Classes","26.20","26.20 LAB: Swap two numbers","UNUSED","","Outside the Fall 2026 CS1 spine or duplicative of instructor-created work.","Only after corresponding required topic"
"SWOSUCOMSC1033Fall2026","26","26. Additional Labs: Classes","26.21","26.21 LAB: The __str__() method","UNUSED","","Outside the Fall 2026 CS1 spine or duplicative of instructor-created work.","Only after corresponding required topic"
"SWOSUCOMSC1033Fall2026","26","26. Additional Labs: Classes","26.22","26.22 LAB: Find the maximum in a list","UNUSED","","Outside the Fall 2026 CS1 spine or duplicative of instructor-created work.","Only after corresponding required topic"
"SWOSUCOMSC1033Fall2026","26","26. Additional Labs: Classes","26.23","26.23 LAB*: Program: Lucky 7","UNUSED","","Outside the Fall 2026 CS1 spine or duplicative of instructor-created work.","Only after corresponding required topic"
"SWOSUCOMSC1033Fall2026","26","26. Additional Labs: Classes","26.24","26.24 LAB*: Program: Fancy car","UNUSED","","Outside the Fall 2026 CS1 spine or duplicative of instructor-created work.","Only after corresponding required topic"
"SWOSUCOMSC1033Fall2026","26","26. Additional Labs: Classes","26.25","26.25 LAB*: Program: Self pay kiosk","UNUSED","","Outside the Fall 2026 CS1 spine or duplicative of instructor-created work.","Only after corresponding required topic"
"SWOSUCOMSC1033Fall2026","27","27. Additional Labs: Exceptions","27.1","27.1 LAB: Exceptions with read-only files","UNUSED","","Outside the Fall 2026 CS1 spine or duplicative of instructor-created work.","Only after corresponding required topic"
"SWOSUCOMSC1033Fall2026","28","28. Additional Labs: Files","28.1","28.1 LAB: Parsing food data","UNUSED","","Outside the Fall 2026 CS1 spine or duplicative of instructor-created work.","Only after corresponding required topic"
"SWOSUCOMSC1033Fall2026","28","28. Additional Labs: Files","28.2","28.2 LAB: Movie show time display","UNUSED","","Outside the Fall 2026 CS1 spine or duplicative of instructor-created work.","Only after corresponding required topic"
"SWOSUCOMSC1033Fall2026","29","29. Additional Labs: Recursion","29.1","29.1 LAB: Drawing an upside down triangle","UNUSED","","Outside the Fall 2026 CS1 spine or duplicative of instructor-created work.","Only after corresponding required topic"
"SWOSUCOMSC1033Fall2026","29","29. Additional Labs: Recursion","29.2","29.2 LAB: Reverse a string","UNUSED","","Outside the Fall 2026 CS1 spine or duplicative of instructor-created work.","Only after corresponding required topic"
"SWOSUCOMSC1033Fall2026","30","30. Additional Labs: One Large Program","30.1","30.1 LAB: Warm up: Hello world","OPTIONAL","Weeks 14-16: project practice","Useful practice or extension; preserve choice and protect the required-path workload.","Only after corresponding required topic"
"SWOSUCOMSC1033Fall2026","30","30. Additional Labs: One Large Program","30.2","30.2 LAB: Warm up: Basic output with variables","OPTIONAL","Weeks 14-16: project practice","Useful practice or extension; preserve choice and protect the required-path workload.","Only after corresponding required topic"
"SWOSUCOMSC1033Fall2026","30","30. Additional Labs: One Large Program","30.3","30.3 LAB*: Program: ASCII art","OPTIONAL","Weeks 14-16: project practice","Useful practice or extension; preserve choice and protect the required-path workload.","Only after corresponding required topic"
"SWOSUCOMSC1033Fall2026","30","30. Additional Labs: One Large Program","30.4","30.4 LAB: Warm up: Variables, input, and type conversion","OPTIONAL","Weeks 14-16: project practice","Useful practice or extension; preserve choice and protect the required-path workload.","Only after corresponding required topic"
"SWOSUCOMSC1033Fall2026","30","30. Additional Labs: One Large Program","30.5","30.5 LAB*: Program: Cooking measurement converter","OPTIONAL","Weeks 14-16: project practice","Useful practice or extension; preserve choice and protect the required-path workload.","Only after corresponding required topic"
"SWOSUCOMSC1033Fall2026","30","30. Additional Labs: One Large Program","30.6","30.6 LAB*: Program: Food receipt","OPTIONAL","Weeks 14-16: project practice","Useful practice or extension; preserve choice and protect the required-path workload.","Only after corresponding required topic"
"SWOSUCOMSC1033Fall2026","30","30. Additional Labs: One Large Program","30.7","30.7 LAB: Warm up: Creating passwords","OPTIONAL","Weeks 14-16: project practice","Useful practice or extension; preserve choice and protect the required-path workload.","Only after corresponding required topic"
"SWOSUCOMSC1033Fall2026","30","30. Additional Labs: One Large Program","30.8","30.8 LAB: Warm up: Automobile service cost","OPTIONAL","Weeks 14-16: project practice","Useful practice or extension; preserve choice and protect the required-path workload.","Only after corresponding required topic"
"SWOSUCOMSC1033Fall2026","30","30. Additional Labs: One Large Program","30.9","30.9 LAB*: Program: Automobile service invoice","OPTIONAL","Weeks 14-16: project practice","Useful practice or extension; preserve choice and protect the required-path workload.","Only after corresponding required topic"
"SWOSUCOMSC1033Fall2026","30","30. Additional Labs: One Large Program","30.10","30.10 LAB: Warm up: Drawing a right triangle","OPTIONAL","Weeks 14-16: project practice","Useful practice or extension; preserve choice and protect the required-path workload.","Only after corresponding required topic"
"SWOSUCOMSC1033Fall2026","30","30. Additional Labs: One Large Program","30.11","30.11 LAB: Warm up: Text analyzer & modifier","OPTIONAL","Weeks 14-16: project practice","Useful practice or extension; preserve choice and protect the required-path workload.","Only after corresponding required topic"
"SWOSUCOMSC1033Fall2026","30","30. Additional Labs: One Large Program","30.12","30.12 LAB*: Program: Authoring assistant","OPTIONAL","Weeks 14-16: project practice","Useful practice or extension; preserve choice and protect the required-path workload.","Only after corresponding required topic"
"SWOSUCOMSC1033Fall2026","30","30. Additional Labs: One Large Program","30.13","30.13 LAB: Warm up: People's weights (Lists)","OPTIONAL","Weeks 14-16: project practice","Useful practice or extension; preserve choice and protect the required-path workload.","Only after corresponding required topic"
"SWOSUCOMSC1033Fall2026","30","30. Additional Labs: One Large Program","30.14","30.14 LAB*: Program: Soccer team roster (Dictionaries)","OPTIONAL","Weeks 14-16: project practice","Useful practice or extension; preserve choice and protect the required-path workload.","Only after corresponding required topic"
"SWOSUCOMSC1033Fall2026","30","30. Additional Labs: One Large Program","30.15","30.15 LAB*: Program: Online shopping cart (Part 1)","OPTIONAL","Weeks 14-16: project practice","Useful practice or extension; preserve choice and protect the required-path workload.","Only after corresponding required topic"
"SWOSUCOMSC1033Fall2026","30","30. Additional Labs: One Large Program","30.16","30.16 LAB*: Program: Online shopping cart (Part 2)","OPTIONAL","Weeks 14-16: project practice","Useful practice or extension; preserve choice and protect the required-path workload.","Only after corresponding required topic"
"SWOSUCOMSC1033Fall2026","31","31. Python for Data Science","31.1","31.1 Introduction to data science","UNUSED","","Outside the Fall 2026 CS1 spine or duplicative of instructor-created work.","Only after corresponding required topic"
"SWOSUCOMSC1033Fall2026","31","31. Python for Data Science","31.2","31.2 Data science life cycle","UNUSED","","Outside the Fall 2026 CS1 spine or duplicative of instructor-created work.","Only after corresponding required topic"
"SWOSUCOMSC1033Fall2026","31","31. Python for Data Science","31.3","31.3 Introduction to Python for data science","UNUSED","","Outside the Fall 2026 CS1 spine or duplicative of instructor-created work.","Only after corresponding required topic"
"SWOSUCOMSC1033Fall2026","31","31. Python for Data Science","31.4","31.4 Introduction to Jupyter Notebooks","UNUSED","","Outside the Fall 2026 CS1 spine or duplicative of instructor-created work.","Only after corresponding required topic"
"SWOSUCOMSC1033Fall2026","32","32. Coding Practice Problems","32.1","32.1 Coding practice problems overview","OPTIONAL","Weeks 2-16: optional practice","Useful practice or extension; preserve choice and protect the required-path workload.","Only after corresponding required topic"
"SWOSUCOMSC1033Fall2026","32","32. Coding Practice Problems","32.2","32.2 PRACTICE: Input/Output* Mad Libs","OPTIONAL","Weeks 2-16: optional practice","Useful practice or extension; preserve choice and protect the required-path workload.","Only after corresponding required topic"
"SWOSUCOMSC1033Fall2026","32","32. Coding Practice Problems","32.3","32.3 PRACTICE: Input/Output* Welcome Message","OPTIONAL","Weeks 2-16: optional practice","Useful practice or extension; preserve choice and protect the required-path workload.","Only after corresponding required topic"
"SWOSUCOMSC1033Fall2026","32","32. Coding Practice Problems","32.4","32.4 PRACTICE: Expressions* Percentages","OPTIONAL","Weeks 2-16: optional practice","Useful practice or extension; preserve choice and protect the required-path workload.","Only after corresponding required topic"
"SWOSUCOMSC1033Fall2026","32","32. Coding Practice Problems","32.5","32.5 PRACTICE: Expressions* Inches to feet","OPTIONAL","Weeks 2-16: optional practice","Useful practice or extension; preserve choice and protect the required-path workload.","Only after corresponding required topic"
"SWOSUCOMSC1033Fall2026","32","32. Coding Practice Problems","32.6","32.6 PRACTICE: Expressions*: Simple floating-point expression","OPTIONAL","Weeks 2-16: optional practice","Useful practice or extension; preserve choice and protect the required-path workload.","Only after corresponding required topic"
"SWOSUCOMSC1033Fall2026","32","32. Coding Practice Problems","32.7","32.7 PRACTICE: Expressions*: Distance formula","OPTIONAL","Weeks 2-16: optional practice","Useful practice or extension; preserve choice and protect the required-path workload.","Only after corresponding required topic"
"SWOSUCOMSC1033Fall2026","32","32. Coding Practice Problems","32.8","32.8 PRACTICE: Expressions* Phone numbers","OPTIONAL","Weeks 2-16: optional practice","Useful practice or extension; preserve choice and protect the required-path workload.","Only after corresponding required topic"
"SWOSUCOMSC1033Fall2026","32","32. Coding Practice Problems","32.9","32.9 PRACTICE: Expressions* Proper name layout","OPTIONAL","Weeks 2-16: optional practice","Useful practice or extension; preserve choice and protect the required-path workload.","Only after corresponding required topic"
"SWOSUCOMSC1033Fall2026","32","32. Coding Practice Problems","32.10","32.10 PRACTICE: Expressions*: Test","OPTIONAL","Weeks 2-16: optional practice","Useful practice or extension; preserve choice and protect the required-path workload.","Only after corresponding required topic"
"SWOSUCOMSC1033Fall2026","32","32. Coding Practice Problems","32.11","32.11 PRACTICE: Branches*: Shape display","OPTIONAL","Weeks 2-16: optional practice","Useful practice or extension; preserve choice and protect the required-path workload.","Only after corresponding required topic"
"SWOSUCOMSC1033Fall2026","32","32. Coding Practice Problems","32.12","32.12 PRACTICE: Branches*: Guitar tabs","OPTIONAL","Weeks 2-16: optional practice","Useful practice or extension; preserve choice and protect the required-path workload.","Only after corresponding required topic"
"SWOSUCOMSC1033Fall2026","32","32. Coding Practice Problems","32.13","32.13 PRACTICE: Branches*: Listing names","OPTIONAL","Weeks 2-16: optional practice","Useful practice or extension; preserve choice and protect the required-path workload.","Only after corresponding required topic"
"SWOSUCOMSC1033Fall2026","32","32. Coding Practice Problems","32.14","32.14 PRACTICE: Branches**: Complex cost structure","OPTIONAL","Weeks 2-16: optional practice","Useful practice or extension; preserve choice and protect the required-path workload.","Only after corresponding required topic"
"SWOSUCOMSC1033Fall2026","32","32. Coding Practice Problems","32.15","32.15 PRACTICE: Branches**: Caption punctuation","OPTIONAL","Weeks 2-16: optional practice","Useful practice or extension; preserve choice and protect the required-path workload.","Only after corresponding required topic"
"SWOSUCOMSC1033Fall2026","32","32. Coding Practice Problems","32.16","32.16 PRACTICE: Branches**: 24-hour time","OPTIONAL","Weeks 2-16: optional practice","Useful practice or extension; preserve choice and protect the required-path workload.","Only after corresponding required topic"
"SWOSUCOMSC1033Fall2026","32","32. Coding Practice Problems","32.17","32.17 PRACTICE: Branches**: Next date","OPTIONAL","Weeks 2-16: optional practice","Useful practice or extension; preserve choice and protect the required-path workload.","Only after corresponding required topic"
"SWOSUCOMSC1033Fall2026","32","32. Coding Practice Problems","32.18","32.18 PRACTICE: Branches**: Runway headings","OPTIONAL","Weeks 2-16: optional practice","Useful practice or extension; preserve choice and protect the required-path workload.","Only after corresponding required topic"
"SWOSUCOMSC1033Fall2026","32","32. Coding Practice Problems","32.19","32.19 PRACTICE: Branches** Leap Year","OPTIONAL","Weeks 2-16: optional practice","Useful practice or extension; preserve choice and protect the required-path workload.","Only after corresponding required topic"
"SWOSUCOMSC1033Fall2026","32","32. Coding Practice Problems","32.20","32.20 PRACTICE: Branches***: Next license plate number","OPTIONAL","Weeks 2-16: optional practice","Useful practice or extension; preserve choice and protect the required-path workload.","Only after corresponding required topic"
"SWOSUCOMSC1033Fall2026","32","32. Coding Practice Problems","32.21","32.21 PRACTICE: Loops (for)*: Output sequence","OPTIONAL","Weeks 2-16: optional practice","Useful practice or extension; preserve choice and protect the required-path workload.","Only after corresponding required topic"
"SWOSUCOMSC1033Fall2026","32","32. Coding Practice Problems","32.22","32.22 PRACTICE: Loops (for)*: Output evens","OPTIONAL","Weeks 2-16: optional practice","Useful practice or extension; preserve choice and protect the required-path workload.","Only after corresponding required topic"
"SWOSUCOMSC1033Fall2026","32","32. Coding Practice Problems","32.23","32.23 PRACTICE: Loops*: Output integers as comma-separated list","OPTIONAL","Weeks 2-16: optional practice","Useful practice or extension; preserve choice and protect the required-path workload.","Only after corresponding required topic"
"SWOSUCOMSC1033Fall2026","32","32. Coding Practice Problems","32.24","32.24 PRACTICE: Loops*: Password requirements","OPTIONAL","Weeks 2-16: optional practice","Useful practice or extension; preserve choice and protect the required-path workload.","Only after corresponding required topic"
"SWOSUCOMSC1033Fall2026","32","32. Coding Practice Problems","32.25","32.25 PRACTICE: Loops*: Biggest difference","OPTIONAL","Weeks 2-16: optional practice","Useful practice or extension; preserve choice and protect the required-path workload.","Only after corresponding required topic"
"SWOSUCOMSC1033Fall2026","32","32. Coding Practice Problems","32.26","32.26 PRACTICE: Loops*: Check if sorted","OPTIONAL","Weeks 2-16: optional practice","Useful practice or extension; preserve choice and protect the required-path workload.","Only after corresponding required topic"
"SWOSUCOMSC1033Fall2026","32","32. Coding Practice Problems","32.27","32.27 PRACTICE: Loops (while)**: Output rocket height","OPTIONAL","Weeks 2-16: optional practice","Useful practice or extension; preserve choice and protect the required-path workload.","Only after corresponding required topic"
"SWOSUCOMSC1033Fall2026","32","32. Coding Practice Problems","32.28","32.28 PRACTICE: Loops (while)**: Compute modified average","OPTIONAL","Weeks 2-16: optional practice","Useful practice or extension; preserve choice and protect the required-path workload.","Only after corresponding required topic"
"SWOSUCOMSC1033Fall2026","32","32. Coding Practice Problems","32.29","32.29 PRACTICE: Loops (nested)**: Sum a given number of integers","OPTIONAL","Weeks 2-16: optional practice","Useful practice or extension; preserve choice and protect the required-path workload.","Only after corresponding required topic"
"SWOSUCOMSC1033Fall2026","32","32. Coding Practice Problems","32.30","32.30 PRACTICE: Loops (nested)**: HTML table","OPTIONAL","Weeks 2-16: optional practice","Useful practice or extension; preserve choice and protect the required-path workload.","Only after corresponding required topic"
"SWOSUCOMSC1033Fall2026","32","32. Coding Practice Problems","32.31","32.31 PRACTICE: Loops**: Removing leading/trailing whitespace","OPTIONAL","Weeks 2-16: optional practice","Useful practice or extension; preserve choice and protect the required-path workload.","Only after corresponding required topic"
"SWOSUCOMSC1033Fall2026","32","32. Coding Practice Problems","32.32","32.32 PRACTICE: Loops**: Output integer's digits","OPTIONAL","Weeks 2-16: optional practice","Useful practice or extension; preserve choice and protect the required-path workload.","Only after corresponding required topic"
"SWOSUCOMSC1033Fall2026","32","32. Coding Practice Problems","32.33","32.33 PRACTICE: Loops**: Customer lookup","OPTIONAL","Weeks 2-16: optional practice","Useful practice or extension; preserve choice and protect the required-path workload.","Only after corresponding required topic"
"SWOSUCOMSC1033Fall2026","32","32. Coding Practice Problems","32.34","32.34 PRACTICE: Loops**: Word count","OPTIONAL","Weeks 2-16: optional practice","Useful practice or extension; preserve choice and protect the required-path workload.","Only after corresponding required topic"
"SWOSUCOMSC1033Fall2026","32","32. Coding Practice Problems","32.35","32.35 PRACTICE: Loops**: Academic index score table","OPTIONAL","Weeks 2-16: optional practice","Useful practice or extension; preserve choice and protect the required-path workload.","Only after corresponding required topic"
"SWOSUCOMSC1033Fall2026","32","32. Coding Practice Problems","32.36","32.36 PRACTICE: Loops**: TV aspect ratios","OPTIONAL","Weeks 2-16: optional practice","Useful practice or extension; preserve choice and protect the required-path workload.","Only after corresponding required topic"
"SWOSUCOMSC1033Fall2026","32","32. Coding Practice Problems","32.37","32.37 PRACTICE: Functions*: Calorie estimator","OPTIONAL","Weeks 2-16: optional practice","Useful practice or extension; preserve choice and protect the required-path workload.","Only after corresponding required topic"
"SWOSUCOMSC1033Fall2026","32","32. Coding Practice Problems","32.38","32.38 PRACTICE: Function*: Split cents into dollars and cents","OPTIONAL","Weeks 2-16: optional practice","Useful practice or extension; preserve choice and protect the required-path workload.","Only after corresponding required topic"
"SWOSUCOMSC1033Fall2026","32","32. Coding Practice Problems","32.39","32.39 PRACTICE: Functions*: Rectangles sizes","OPTIONAL","Weeks 2-16: optional practice","Useful practice or extension; preserve choice and protect the required-path workload.","Only after corresponding required topic"
"SWOSUCOMSC1033Fall2026","32","32. Coding Practice Problems","32.40","32.40 PRACTICE: Functions*: Digits to number","OPTIONAL","Weeks 2-16: optional practice","Useful practice or extension; preserve choice and protect the required-path workload.","Only after corresponding required topic"
"SWOSUCOMSC1033Fall2026","32","32. Coding Practice Problems","32.41","32.41 PRACTICE: Functions*: Rotate three values","OPTIONAL","Weeks 2-16: optional practice","Useful practice or extension; preserve choice and protect the required-path workload.","Only after corresponding required topic"
"SWOSUCOMSC1033Fall2026","32","32. Coding Practice Problems","32.42","32.42 PRACTICE: Functions**: Compute max","OPTIONAL","Weeks 2-16: optional practice","Useful practice or extension; preserve choice and protect the required-path workload.","Only after corresponding required topic"
"SWOSUCOMSC1033Fall2026","32","32. Coding Practice Problems","32.43","32.43 PRACTICE: Functions**: Sort three values","OPTIONAL","Weeks 2-16: optional practice","Useful practice or extension; preserve choice and protect the required-path workload.","Only after corresponding required topic"
"SWOSUCOMSC1033Fall2026","32","32. Coding Practice Problems","32.44","32.44 PRACTICE: Functions**: Rideshare pickup time","OPTIONAL","Weeks 2-16: optional practice","Useful practice or extension; preserve choice and protect the required-path workload.","Only after corresponding required topic"
"SWOSUCOMSC1033Fall2026","32","32. Coding Practice Problems","32.45","32.45 PRACTICE: Functions**: User age","OPTIONAL","Weeks 2-16: optional practice","Useful practice or extension; preserve choice and protect the required-path workload.","Only after corresponding required topic"
"SWOSUCOMSC1033Fall2026","32","32. Coding Practice Problems","32.46","32.46 PRACTICE: Functions**: Simulating waiting time (fast clerk)","OPTIONAL","Weeks 2-16: optional practice","Useful practice or extension; preserve choice and protect the required-path workload.","Only after corresponding required topic"
"SWOSUCOMSC1033Fall2026","32","32. Coding Practice Problems","32.47","32.47 PRACTICE: Functions**: Number to words","OPTIONAL","Weeks 2-16: optional practice","Useful practice or extension; preserve choice and protect the required-path workload.","Only after corresponding required topic"
"SWOSUCOMSC1033Fall2026","32","32. Coding Practice Problems","32.48","32.48 PRACTICE: Functions**: Driving cost estimator","OPTIONAL","Weeks 2-16: optional practice","Useful practice or extension; preserve choice and protect the required-path workload.","Only after corresponding required topic"
"SWOSUCOMSC1033Fall2026","32","32. Coding Practice Problems","32.49","32.49 PRACTICE: Functions**: Next char in string","OPTIONAL","Weeks 2-16: optional practice","Useful practice or extension; preserve choice and protect the required-path workload.","Only after corresponding required topic"
"SWOSUCOMSC1033Fall2026","32","32. Coding Practice Problems","32.50","32.50 PRACTICE: Functions***: Electric bill","OPTIONAL","Weeks 2-16: optional practice","Useful practice or extension; preserve choice and protect the required-path workload.","Only after corresponding required topic"
"SWOSUCOMSC1033Fall2026","32","32. Coding Practice Problems","32.51","32.51 PRACTICE: Functions***: Commas in integer","OPTIONAL","Weeks 2-16: optional practice","Useful practice or extension; preserve choice and protect the required-path workload.","Only after corresponding required topic"
"SWOSUCOMSC1033Fall2026","32","32. Coding Practice Problems","32.52","32.52 PRACTICE: Functions***: Find next substring","OPTIONAL","Weeks 2-16: optional practice","Useful practice or extension; preserve choice and protect the required-path workload.","Only after corresponding required topic"
"SWOSUCOMSC1033Fall2026","32","32. Coding Practice Problems","32.53","32.53 PRACTICE: Functions***: Output guitar tabs","OPTIONAL","Weeks 2-16: optional practice","Useful practice or extension; preserve choice and protect the required-path workload.","Only after corresponding required topic"
"SWOSUCOMSC1033Fall2026","32","32. Coding Practice Problems","32.54","32.54 PRACTICE: Lists*: Find max","OPTIONAL","Weeks 2-16: optional practice","Useful practice or extension; preserve choice and protect the required-path workload.","Only after corresponding required topic"
"SWOSUCOMSC1033Fall2026","32","32. Coding Practice Problems","32.55","32.55 PRACTICE: Lists*: Outputting multiple elements per line","OPTIONAL","Weeks 2-16: optional practice","Useful practice or extension; preserve choice and protect the required-path workload.","Only after corresponding required topic"
"SWOSUCOMSC1033Fall2026","32","32. Coding Practice Problems","32.56","32.56 PRACTICE: Lists*: Copying only negative values","OPTIONAL","Weeks 2-16: optional practice","Useful practice or extension; preserve choice and protect the required-path workload.","Only after corresponding required topic"
"SWOSUCOMSC1033Fall2026","32","32. Coding Practice Problems","32.57","32.57 PRACTICE: Lists**: Binary to decimal conversion","OPTIONAL","Weeks 2-16: optional practice","Useful practice or extension; preserve choice and protect the required-path workload.","Only after corresponding required topic"
"SWOSUCOMSC1033Fall2026","32","32. Coding Practice Problems","32.58","32.58 PRACTICE: Lists**: Min, max, average","OPTIONAL","Weeks 2-16: optional practice","Useful practice or extension; preserve choice and protect the required-path workload.","Only after corresponding required topic"
"SWOSUCOMSC1033Fall2026","32","32. Coding Practice Problems","32.59","32.59 PRACTICE: Lists**: Mode","OPTIONAL","Weeks 2-16: optional practice","Useful practice or extension; preserve choice and protect the required-path workload.","Only after corresponding required topic"
"SWOSUCOMSC1033Fall2026","32","32. Coding Practice Problems","32.60","32.60 PRACTICE: Lists**: Longest sequence","OPTIONAL","Weeks 2-16: optional practice","Useful practice or extension; preserve choice and protect the required-path workload.","Only after corresponding required topic"
"SWOSUCOMSC1033Fall2026","32","32. Coding Practice Problems","32.61","32.61 PRACTICE: Lists**: Reverse in place","OPTIONAL","Weeks 2-16: optional practice","Useful practice or extension; preserve choice and protect the required-path workload.","Only after corresponding required topic"
"SWOSUCOMSC1033Fall2026","32","32. Coding Practice Problems","32.62","32.62 PRACTICE: Lists***: Bowling score","OPTIONAL","Weeks 2-16: optional practice","Useful practice or extension; preserve choice and protect the required-path workload.","Only after corresponding required topic"
"SWOSUCOMSC1033Fall2026","32","32. Coding Practice Problems","32.63","32.63 PRACTICE: Lists***: Grouping into ranges","OPTIONAL","Weeks 2-16: optional practice","Useful practice or extension; preserve choice and protect the required-path workload.","Only after corresponding required topic"
"SWOSUCOMSC1033Fall2026","33","33. Artificial Intelligence","33.1","33.1 Artificial intelligence","OPTIONAL","Weeks 2-16: AI Fluency connection","Useful practice or extension; preserve choice and protect the required-path workload.","Only after corresponding required topic"
"SWOSUCOMSC1033Fall2026","33","33. Artificial Intelligence","33.2","33.2 Generative AI and LLMs","OPTIONAL","Weeks 2-16: AI Fluency connection","Useful practice or extension; preserve choice and protect the required-path workload.","Only after corresponding required topic"
"SWOSUCOMSC1033Fall2026","33","33. Artificial Intelligence","33.3","33.3 Generative AI in action","OPTIONAL","Weeks 2-16: AI Fluency connection","Useful practice or extension; preserve choice and protect the required-path workload.","Only after corresponding required topic"
"SWOSUCOMSC1033Fall2026","33","33. Artificial Intelligence","33.4","33.4 Using AI in coding","OPTIONAL","Weeks 2-16: AI Fluency connection","Useful practice or extension; preserve choice and protect the required-path workload.","Only after corresponding required topic"
"SWOSUCOMSC1033Fall2026","33","33. Artificial Intelligence","33.5","33.5 Generative AI Programming in Python","OPTIONAL","Weeks 2-16: AI Fluency connection","Useful practice or extension; preserve choice and protect the required-path workload.","Only after corresponding required topic"
"SWOSUCOMSC1033Fall2026","33","33. Artificial Intelligence","33.6","33.6 Building AI systems","OPTIONAL","Weeks 2-16: AI Fluency connection","Useful practice or extension; preserve choice and protect the required-path workload.","Only after corresponding required topic"
"SWOSUCOMSC1033Fall2026","33","33. Artificial Intelligence","33.7","33.7 Building a simple RAG system in Python","OPTIONAL","Weeks 2-16: AI Fluency connection","Useful practice or extension; preserve choice and protect the required-path workload.","Only after corresponding required topic"
"SWOSUCOMSC1033Fall2026","33","33. Artificial Intelligence","33.8","33.8 Risks and ethics in AI","OPTIONAL","Weeks 2-16: AI Fluency connection","Useful practice or extension; preserve choice and protect the required-path workload.","Only after corresponding required topic"
